franchise_id,franchise_name,phone,website,email,county_codes
1,"Abbott, Hackett and O'Conner",1-648-177-9510,auto-service.co/bw-319-x,Lupe-2485@auto-service.co,"36101,36055,36071"
2,Rutherford-Nienow,1-543-684-2376,auto-service.co/cx-972-h,Benedict-4713@auto-service.co,"42033,42085,36099,42105"
3,Larson Inc,1-659-875-2868,auto-service.co/sw-090-w,Mollie-4450@auto-service.co,"36069,36045,42005,42025"
4,Runolfsdottir and Sons,1-429-495-3107,auto-service.co/yt-783-e,Tyree-4334@auto-service.co,"42101,42117,36003"
5,"Hoppe, Crist and Gerlach",1-606-640-2298,auto-service.co/zy-860-k,Duane-9569@auto-service.co,36089
6,Wehner-Hoppe,1-216-454-1326,auto-service.co/be-748-u,Osvaldo-7194@auto-service.co,"36095,42095"
7,Toy Group,1-599-963-8312,auto-service.co/bs-881-y,Delores-1942@auto-service.co,"42133,36055,42133,42091,36081,36123,42109,36107"
8,"Roberts, Murray and Eichmann",1-642-787-6685,auto-service.co/yf-340-u,Cleta-1534@auto-service.co,"42101,36117,42063,36091,36035"
9,"Marks, Sauer and Metz",1-345-358-6863,auto-service.co/cv-774-j,Alexa-0258@auto-service.co,"42125,42101,42045"
10,"Klocko, Langosh and Pfeffer",1-658-227-6651,auto-service.co/rp-701-f,Jack-3827@auto-service.co,"42099,36091,36067,36081,36105,36053"
11,Feest-Mertz,1-520-062-9562,auto-service.co/pr-544-o,Anthony-9886@auto-service.co,"42033,36119,36087,36075,36033"
12,McCullough Group,1-394-034-2705,auto-service.co/dc-734-z,Boris-5867@auto-service.co,"42089,36039,36057,36049,42091,34031,42093,36003,36077"
13,"Sawayn, Grady and Metz",1-344-539-5790,auto-service.co/tj-641-f,Joie-9585@auto-service.co,"42057,36121,42063"
14,Kunde-Christiansen,1-507-198-5936,auto-service.co/oa-462-f,Lyndia-5873@auto-service.co,"42077,42119,42063"
15,Conn-Wintheiser,1-629-100-9428,auto-service.co/po-384-j,Layne-1387@auto-service.co,36059
16,"Trantow, Upton and Adams",1-591-417-2798,auto-service.co/br-052-c,Dick-2010@auto-service.co,"36071,42009,42071,36033,36085"
17,"Feest, Schuster and McGlynn",1-559-775-3965,auto-service.co/sa-931-u,Terra-3285@auto-service.co,42089
18,Pfeffer-Hand,1-603-047-3581,auto-service.co/na-190-c,Chet-0919@auto-service.co,"36071,42019,42013,42065,36111,36073,42079,34031,42005,42089"
19,Grant Inc,1-619-756-0987,auto-service.co/ou-997-d,Mikel-4490@auto-service.co,"42069,42005,36099,42059"
20,Borer-Schaden,1-697-478-7449,auto-service.co/lx-352-t,Donte-1919@auto-service.co,"36023,36039,42085,36107,42057,36103,36083,36007,42109"
21,"Collier, Thompson and Vandervort",1-251-669-9463,auto-service.co/cp-694-b,Nancy-1284@auto-service.co,42103
22,"Thompson, Walsh and Grimes",1-682-842-4890,auto-service.co/kb-214-s,Danelle-8718@auto-service.co,"42009,42101,36017"
23,Hauck Inc,1-699-336-6892,auto-service.co/cq-128-k,Napoleon-6799@auto-service.co,36077
24,O'Conner and Sons,1-639-478-7881,auto-service.co/yg-153-q,Vanda-6385@auto-service.co,"42077,42031,36081,36037,36023,42093"
25,"Prohaska, Gibson and Rolfson",1-568-093-4104,auto-service.co/yw-159-d,Florida-5511@auto-service.co,"36021,36111,36055,42015,42013,36053,42119,42065"
26,Hane LLC,1-456-759-5231,auto-service.co/pz-757-h,Shaunte-7109@auto-service.co,"42013,36075,42087,36081,42035"
27,Casper LLC,1-640-206-6282,auto-service.co/cv-258-j,Arlen-4430@auto-service.co,"42107,36119,42009,36121,42087,42033,42083"
28,Stanton-Emard,1-602-116-9624,auto-service.co/rx-633-z,Edda-4673@auto-service.co,42119
29,"Kautzer, Leannon and Conn",1-695-987-9799,auto-service.co/kl-883-g,Ira-5654@auto-service.co,"36039,42005,36121,42125,42113,42003,34003"
30,"Franecki, Schowalter and Carter",1-699-467-7357,auto-service.co/ao-143-h,Donny-4423@auto-service.co,"36071,42123,36091,42035,42055"
31,Sauer Group,1-573-438-2919,auto-service.co/jy-361-o,Michael-8252@auto-service.co,"42049,42103,34003,42127,42095,36091,42113"
32,Ernser-Gusikowski,1-578-036-4748,auto-service.co/yc-885-k,Ervin-3062@auto-service.co,"36061,42097,42049,34003,36013,34003,36075,42039,42023"
33,Krajcik-Dietrich,1-476-442-7997,auto-service.co/jd-325-y,Louvenia-8321@auto-service.co,"36101,36045,42037"
34,Franecki LLC,1-486-267-6281,auto-service.co/cr-468-q,Marty-0611@auto-service.co,"42099,42059,42019,36003,36025,42123,36065"
35,Schaefer Inc,1-469-189-6282,auto-service.co/xa-947-g,Milly-9754@auto-service.co,"42079,36081,42035,36071,36039,36045"
36,Huels and Sons,1-549-800-4545,auto-service.co/tl-182-x,Tanner-2346@auto-service.co,"34031,36003,36051,42097,42067,42111,36025,36003,42083,42053"
37,"McLaughlin, Grady and Schaden",1-687-666-0446,auto-service.co/tv-238-x,Travis-3657@auto-service.co,"36091,42031,42067,42131"
38,Kutch Inc,1-214-514-7918,auto-service.co/hf-197-j,Fredrick-4747@auto-service.co,"36097,42033,42009,36021,42085,42115"
39,Kohler-Rolfson,1-576-925-7286,auto-service.co/cl-161-t,Odelia-5068@auto-service.co,"42105,42075"
40,"Grady, Greenholt and Gibson",1-227-068-4274,auto-service.co/qz-663-s,Nick-0298@auto-service.co,36089
41,"Toy, DuBuque and Wunsch",1-660-593-6704,auto-service.co/tf-202-e,Zona-0863@auto-service.co,36055
42,Stamm LLC,1-466-315-8603,auto-service.co/jx-879-z,Donn-2293@auto-service.co,"36011,42027,36049,42127,42109,42095,36077,36023"
43,Marquardt-Herman,1-627-562-6538,auto-service.co/od-338-x,Randal-7980@auto-service.co,"36001,36107,36077,36105,36053,42059,42035"
44,"King, Altenwerth and Effertz",1-201-998-3780,auto-service.co/mt-267-c,Andra-6673@auto-service.co,42083
45,Keeling and Sons,1-582-884-2314,auto-service.co/os-082-l,Laronda-6244@auto-service.co,42051
46,Crooks-Lehner,1-512-024-9938,auto-service.co/gd-940-l,Zack-7140@auto-service.co,"36009,34031,36077,42045"
47,Wisozk and Sons,1-503-358-1751,auto-service.co/zh-319-f,Venetta-2575@auto-service.co,"36091,36059,42033,36017"
48,Reynolds-Auer,1-691-408-7297,auto-service.co/fo-413-t,Jeanene-4407@auto-service.co,"42065,42065,36015"
49,Sipes-Rau,1-591-485-7459,auto-service.co/vf-794-v,Valda-3154@auto-service.co,"36013,42069,36111,36121"
50,"Labadie, Marquardt and Dicki",1-698-379-4037,auto-service.co/us-618-v,Britteny-4994@auto-service.co,"42127,42009,36031,36105,42051,42041"
51,Hoppe LLC,1-613-187-9223,auto-service.co/cg-590-c,Issac-0677@auto-service.co,36045
52,Jones-Hartmann,1-669-842-2284,auto-service.co/fc-348-b,Shanika-4068@auto-service.co,"42067,42101,42065"
53,"Schaden, Jacobson and Tillman",1-345-702-6768,auto-service.co/pi-230-v,Wava-7624@auto-service.co,"36049,36043,36105"
54,Dicki and Sons,1-678-230-6563,auto-service.co/pm-442-n,Lilli-8308@auto-service.co,"42045,42125,36017,42043,42013,36045"
55,Cronin Group,1-654-508-7233,auto-service.co/ct-170-u,Willia-5157@auto-service.co,"36027,36079,42125,36055,42131,42051,36049,42053"
56,"Stoltenberg, Bashirian and Wiza",1-637-654-9306,auto-service.co/ji-981-w,Sheila-2371@auto-service.co,"42065,36045,42011,42127,42061"
57,"Daugherty, Zboncak and Jakubowski",1-649-440-9883,auto-service.co/cu-069-o,Hoyt-7144@auto-service.co,"36085,36063,36057,42009,42059,42061,42129,36087,36069,42011"
58,Abernathy-Johnston,1-443-897-8200,auto-service.co/ze-272-g,Reed-4985@auto-service.co,"42071,36039,42133,42031,36057,36115,42035"
59,"Sawayn, Howe and Wilderman",1-626-483-4565,auto-service.co/br-405-y,Branden-5739@auto-service.co,"36119,42039,42063,42091,42113,36049,36051,36031"
60,"Von, Rutherford and Lubowitz",1-607-712-8561,auto-service.co/by-142-t,Vanesa-9942@auto-service.co,"42027,36065,42119,36093,42069,36045,36089,42037,42075,42101"
61,Bayer Inc,1-562-679-6354,auto-service.co/ma-743-n,Ardath-6297@auto-service.co,"36005,42019,42015,42065,36061,42125,36121,36069,36097"
62,"Stoltenberg, Denesik and Kilback",1-679-331-3387,auto-service.co/ke-689-i,Exie-7541@auto-service.co,"42001,36075,36097,42095,42045"
63,Lehner LLC,1-678-087-2872,auto-service.co/jt-246-c,Seema-7056@auto-service.co,42115
64,"Stehr, Graham and Gutmann",1-218-373-8308,auto-service.co/sy-358-f,Loreen-4912@auto-service.co,"36099,42123,36045"
65,Hintz and Sons,1-476-501-3246,auto-service.co/ic-766-b,Freddy-3111@auto-service.co,36077
66,Rice-Parisian,1-626-872-8056,auto-service.co/vp-288-z,Otha-5517@auto-service.co,"09001,36073,36081,36091,36027,36013,36033,34031"
67,"Schinner, Beatty and Abbott",1-694-259-1068,auto-service.co/kz-601-z,Landon-1107@auto-service.co,"36001,36123,36013,34031,42131,42049,42083,36111,36109,42067"
68,Roberts Inc,1-648-212-7690,auto-service.co/kf-085-p,Dusti-0003@auto-service.co,"36091,42015,36011,42133,42125,36031"
69,Heller-Brakus,1-485-766-6627,auto-service.co/fz-187-o,Lauren-6807@auto-service.co,"36019,36037"
70,Deckow LLC,1-558-853-8917,auto-service.co/qh-454-y,Leonel-6190@auto-service.co,"42023,42025,42099,42095"
71,"Kuvalis, Parisian and Barrows",1-678-131-3691,auto-service.co/mg-116-e,Ira-1678@auto-service.co,"42041,42071,36031,42127,36083,42001,42011,42075"
72,"Christiansen, Swaniawski and Flatley",1-580-051-1882,auto-service.co/vw-731-r,Rosario-7369@auto-service.co,"42123,42095,36015"
73,Durgan LLC,1-626-226-1694,auto-service.co/ol-888-r,Sean-8055@auto-service.co,"42069,09001,36091,36001,42127,42131,36071,36001,36013,36007"
74,"Gusikowski, Gutmann and Rath",1-549-790-6245,auto-service.co/bf-674-e,Louis-1146@auto-service.co,42067
75,"Pouros, West and Swift",1-413-919-6759,auto-service.co/co-386-m,Charles-4901@auto-service.co,"42057,42099,42015,36025,36039,42117,36003,36115,42133"
76,Kohler Group,1-265-494-0902,auto-service.co/yn-211-g,Louis-6585@auto-service.co,"36017,42073,36057,36041"
77,Quitzon Inc,1-629-984-4303,auto-service.co/cs-793-x,Val-9251@auto-service.co,"36053,36007,36005,36025,42047,42073,42095,36003"
78,Durgan-Stroman,1-399-036-9075,auto-service.co/za-897-q,Odell-4063@auto-service.co,"36015,42053,36109,36007"
79,Weimann-Dare,1-538-231-0738,auto-service.co/gq-730-a,Humberto-7813@auto-service.co,"42097,42069,36115,34003,36033"
80,Abbott Inc,1-655-018-2716,auto-service.co/bf-767-k,Byron-3627@auto-service.co,"42109,42067,42009,36079,42015,42127"
81,"Becker, Johnston and Wilkinson",1-687-967-5925,auto-service.co/rk-656-e,Regenia-1397@auto-service.co,"36001,36041,36015,42069,42089,36113"
82,"Halvorson, Legros and Huels",1-692-958-0626,auto-service.co/kr-943-x,Aron-0168@auto-service.co,"36031,42105,36111,36123"
83,Schaefer-Jacobs,1-660-181-9932,auto-service.co/ds-787-g,Dee-2751@auto-service.co,"36099,36017,42015,42045,36031,36061,36081"
84,"Armstrong, Steuber and Daugherty",1-693-010-8044,auto-service.co/ky-966-p,Rocky-5640@auto-service.co,"36121,42057,42073,36093,42133,42055,36057"
85,"Marvin, Labadie and Mosciski",1-217-613-7488,auto-service.co/uw-580-r,Patsy-8059@auto-service.co,"42101,42073,42001,42091,36017,36075,36009,42005"
86,Crooks Group,1-696-962-0261,auto-service.co/zp-075-f,Chassidy-4793@auto-service.co,"42089,42053,42035,42127,36091,42065,36121,42013"
87,Kunze-Predovic,1-656-335-4770,auto-service.co/uo-165-g,Jane-6009@auto-service.co,"36005,36029,42077,42083,42021,42123,42089,36115,36005"
88,"Hills, Erdman and Cronin",1-611-091-1179,auto-service.co/kj-788-v,Rex-7554@auto-service.co,"36083,42065,42081,36057,36099"
89,"O'Keefe, Hane and Schneider",1-660-283-0329,auto-service.co/gt-372-o,Carmelo-0166@auto-service.co,"36037,42043,36051,42083,42021,36005,36073,36061"
90,Schinner-Nolan,1-606-778-2073,auto-service.co/gr-921-y,Tricia-7735@auto-service.co,"42081,42031,42011"
91,Torp Group,1-647-189-0977,auto-service.co/kv-846-u,Keshia-6584@auto-service.co,"36099,34003,36097,36013,36091,36055,42013,42067,36021,09001"
92,Rice and Sons,1-686-917-1192,auto-service.co/hz-815-b,Hortense-5396@auto-service.co,"42081,42129"
93,McClure-Wunsch,1-637-663-7684,auto-service.co/hs-640-g,Mao-2928@auto-service.co,36009
94,"Feil, Bradtke and Harber",1-616-992-5980,auto-service.co/sv-426-y,Dane-1618@auto-service.co,"36053,36037,42001,36035,42031,36019,42007,36037,42055,36113"
95,Cassin Group,1-692-262-3964,auto-service.co/kn-352-v,Michael-8434@auto-service.co,42009
96,"Bogisich, Huel and D'Amore",1-616-369-0591,auto-service.co/xm-143-z,Edgardo-2301@auto-service.co,"36057,42121,36115"
97,Heller Group,1-530-027-7034,auto-service.co/ev-636-x,Chance-2672@auto-service.co,42129
98,Crist LLC,1-550-960-4775,auto-service.co/si-325-p,Galina-0565@auto-service.co,"42129,36055,36015,42105,36069,42049,42059,42057"
99,Fahey-Daniel,1-627-060-5805,auto-service.co/ow-430-r,Kisha-9979@auto-service.co,"42007,36067,36043,42065,36025,42105,42009"
100,Barrows-Daniel,1-309-243-3515,auto-service.co/cy-920-g,Clayton-9610@auto-service.co,"36045,42021,42081,42041,36107,36087,42013,36085,34003,36101"
101,"Howe, Mills and O'Kon",1-227-492-7781,auto-service.co/gj-556-c,Kanesha-2993@auto-service.co,"36039,36091,36089,42115,36037,42013,36059,42079"
102,Schaden-Keeling,1-604-549-1475,auto-service.co/yh-744-q,Mai-2603@auto-service.co,"42043,36007,42079,36051,36115,42053,42039,42031,36065,36049"
103,O'Connell-Borer,1-206-866-1532,auto-service.co/uo-484-s,Lino-7917@auto-service.co,"42067,42009,36091,34031,42011"
104,"Grimes, Jacobi and Marvin",1-443-922-0054,auto-service.co/ls-732-o,Korey-8531@auto-service.co,"42063,36111,42081,36089,36081,36081,36089,36015"
105,Von Inc,1-464-880-2110,auto-service.co/de-384-b,Billie-3795@auto-service.co,"36007,36075,36111,42133,42119,36039,42087,42029,36101"
106,Hand-O'Hara,1-628-429-6834,auto-service.co/vk-363-j,Arnetta-8977@auto-service.co,"36077,36011,36011,36031,36033,36093,36053"
107,Stark Group,1-354-516-2700,auto-service.co/sj-586-y,Dong-6586@auto-service.co,"36077,42103,42113,42031,42081,42117,42103,42105,42093,42047"
108,Jast Inc,1-476-186-8186,auto-service.co/qe-760-s,Gus-5799@auto-service.co,"36005,42073"
109,"Mraz, Stroman and Kerluke",1-688-344-6490,auto-service.co/bh-120-l,Robbyn-2822@auto-service.co,"36115,36017,42055,42037"
110,"Morissette, Beier and Kozey",1-599-979-2167,auto-service.co/jg-949-f,Ross-0530@auto-service.co,"36115,42133,42099"
111,Grimes Inc,1-462-483-3427,auto-service.co/so-166-w,Michale-9240@auto-service.co,"42061,42133,42055,36097,42091,36013"
112,Kuvalis and Sons,1-688-125-5287,auto-service.co/bf-953-i,Katheryn-4086@auto-service.co,"36093,36053"
113,"Reichel, Keebler and Davis",1-453-009-7359,auto-service.co/ta-511-s,Errol-3163@auto-service.co,"42023,42003,36071,42105,42047"
114,Bogan and Sons,1-679-918-0191,auto-service.co/li-996-r,Summer-5932@auto-service.co,"42129,42127,42049,42129,42031,36013,36037,36111,36027,42011"
115,"Legros, Bode and O'Hara",1-350-386-4908,auto-service.co/ke-019-h,Thurman-4810@auto-service.co,"42027,42043,42027,42131,36121,42109,42087,36011,36099,42063"
116,Schulist and Sons,1-369-384-2853,auto-service.co/hg-285-p,Brandon-8706@auto-service.co,"36033,36091,42101,36101,42097,42065,36115,36059,36071,42057"
117,Huel-Bins,1-519-820-5821,auto-service.co/vn-944-w,Rosalba-7445@auto-service.co,"42053,42133,36083,42123,42015,09001,42097,42011,36109,42007"
118,"Labadie, Friesen and Mosciski",1-689-667-3732,auto-service.co/is-846-g,Kimberley-1842@auto-service.co,"34003,42007,36023,36121,42121,36101,36031"
119,Erdman and Sons,1-692-667-0611,auto-service.co/bg-550-f,Leonor-0086@auto-service.co,"42059,42063,42003"
120,"Streich, Wilkinson and Hintz",1-692-778-2710,auto-service.co/ci-348-o,Bell-8407@auto-service.co,"42031,42075,36099,42107"
121,Ebert Group,1-636-032-1136,auto-service.co/ci-206-x,Delcie-2200@auto-service.co,"42051,42111,34031,42059,36113,42061,36121,42001"
122,Hintz LLC,1-614-870-7916,auto-service.co/rc-199-v,Stewart-7052@auto-service.co,"42087,42001,42001"
123,O'Connell Group,1-449-617-1897,auto-service.co/sb-186-v,Stan-5498@auto-service.co,"42057,36009,42043,36117,36009,42095,42125,36015"
124,Lind Inc,1-558-124-8796,auto-service.co/su-471-d,Mohammad-4607@auto-service.co,"36011,36011,42061,42131"
125,Auer-Bahringer,1-680-164-0993,auto-service.co/jk-051-b,Beatrice-7853@auto-service.co,"36121,42001,36107,09001,36095,42055,36039,36049"
126,Champlin-Gaylord,1-399-841-4807,auto-service.co/vm-939-h,Devorah-2123@auto-service.co,"36041,36115,36065,36041,36101"
127,Casper LLC,1-652-747-3604,auto-service.co/wm-436-z,Romona-9689@auto-service.co,"36081,36093,42061,42097,36047,34031,42059,36079,42015,36053"
128,Reichert Inc,1-653-561-3817,auto-service.co/ju-270-q,Bernie-2910@auto-service.co,"36043,42123,42057,36065,42019,36021,36005"
129,"Collins, Zemlak and Emmerich",1-562-743-0833,auto-service.co/kl-383-t,Diedre-2000@auto-service.co,"36087,36059,09001,36097,36013,36059"
130,"Frami, Heathcote and Von",1-462-422-8490,auto-service.co/bz-606-f,Euna-7828@auto-service.co,"36123,36045,36041,36059,42069,36097,36087,42017,36059,36115"
131,Smith-Swaniawski,1-602-598-7564,auto-service.co/aq-943-q,Gaston-1782@auto-service.co,"36075,42053,42031,36103,36049,36091,36067,36103"
132,Crona-King,1-551-775-5917,auto-service.co/mn-995-i,Morgan-9011@auto-service.co,"36105,36013"
133,"Quigley, Lind and Lang",1-686-449-0970,auto-service.co/oc-339-y,Johna-8430@auto-service.co,"42055,42037,36077,42095,42013,42073,36107,36055"
134,Rohan-Heidenreich,1-688-156-9605,auto-service.co/gx-505-m,Lieselotte-0341@auto-service.co,"42017,42023,42021,36021,36101,42119"
135,Koelpin Group,1-528-132-7004,auto-service.co/on-282-v,Bruce-6535@auto-service.co,"36045,36123,42037"
136,Hartmann-Conroy,1-440-274-5913,auto-service.co/cy-084-e,Chadwick-9264@auto-service.co,"42111,42009,36039,36075"
137,"Macejkovic, Lynch and Doyle",1-506-612-8369,auto-service.co/bc-272-r,Desire-4504@auto-service.co,36095
138,Senger-Kunde,1-581-505-1373,auto-service.co/zw-399-w,Ruth-3198@auto-service.co,"42117,36099,42131,36003,34003,42111,36011,36035"
139,Blanda-Hegmann,1-662-959-9968,auto-service.co/cm-295-i,Joella-6287@auto-service.co,"36031,36117,36047,42049,42027,36093,36111"
140,"Keeling, Cassin and Gaylord",1-683-595-9102,auto-service.co/es-790-w,Margarita-5082@auto-service.co,"42109,36109,36031,36011,36047,36097,42097"
141,Spinka-Okuneva,1-657-773-3288,auto-service.co/yb-387-u,Norman-8721@auto-service.co,"42111,36085,36105,42079,36057,42069"
142,"Corkery, Adams and Beahan",1-471-543-0088,auto-service.co/dz-692-x,Sherman-6969@auto-service.co,"42125,42045,36101,36033,42123,42071,42095,42047"
143,"Welch, Wiegand and Quitzon",1-699-347-9184,auto-service.co/gw-237-y,Gertrud-8326@auto-service.co,"36091,36083,36045,42069,42091,42031,36115,36105"
144,"Boyle, Vandervort and Crist",1-657-438-0568,auto-service.co/li-203-o,Leonardo-9989@auto-service.co,"36091,42091,36045"
145,Cremin-Franecki,1-624-744-6577,auto-service.co/lo-272-f,Jamel-0703@auto-service.co,"42101,42003,42103,09001,36047,42039,36083,42065"
146,Hermiston Inc,1-498-585-2141,auto-service.co/uf-549-m,Ardis-8722@auto-service.co,42123
147,Okuneva Group,1-400-759-3990,auto-service.co/ex-095-o,Rodolfo-7426@auto-service.co,"42067,36109,36029,42039,36067,42065,36025,36009,36053"
148,Fahey-Mann,1-413-393-8708,auto-service.co/kg-630-n,Eduardo-3966@auto-service.co,36023
149,Bartell-Lowe,1-595-526-7673,auto-service.co/bf-837-d,Riley-3589@auto-service.co,"36053,42067,42121,42063,36023,42087,42013,42069,36071"
150,"Roberts, Swift and Weber",1-628-768-9547,auto-service.co/kc-439-u,Chauncey-1482@auto-service.co,36087
151,McClure-Wiegand,1-575-079-5932,auto-service.co/bd-587-w,Hunter-8030@auto-service.co,36119
152,"Schroeder, Batz and Stokes",1-569-792-9218,auto-service.co/ab-598-x,Winston-8684@auto-service.co,"36095,42069,36023"
153,Schroeder-Hermann,1-643-775-8939,auto-service.co/zp-761-q,Karla-5809@auto-service.co,"36021,36091,36087,34003,36039"
154,"Blick, Schimmel and Boyer",1-650-899-5774,auto-service.co/uz-161-g,Christopher-0618@auto-service.co,"42105,42131,36019,36103,42049,42023,36079,42039"
155,"Crist, Torp and Marks",1-638-132-6704,auto-service.co/tk-827-q,Gertrudis-3688@auto-service.co,"42129,42013,42127,42123,36091,36057,42015"
156,"Lindgren, McDermott and Davis",1-630-171-2527,auto-service.co/dx-520-a,Cinderella-3275@auto-service.co,"42041,36011"
157,Durgan Group,1-652-989-4590,auto-service.co/gs-594-y,Milo-7531@auto-service.co,"42085,36047"
158,Schiller-Bosco,1-601-656-2306,auto-service.co/sl-511-a,Norris-8216@auto-service.co,36017
159,"Bins, Hoeger and Williamson",1-475-984-7807,auto-service.co/nb-447-n,Sharyl-8481@auto-service.co,"36109,42079,36013,36043,42109"
160,Goodwin-Hoeger,1-607-540-6271,auto-service.co/nj-884-o,Dee-7725@auto-service.co,"42131,42073,42031,42131,36029"
161,Johns Inc,1-677-869-4957,auto-service.co/uz-202-r,Maryalice-8643@auto-service.co,"42091,42043,42001,42121,36053,36027,36005,36077"
162,"Witting, Hills and Rutherford",1-663-537-3924,auto-service.co/cd-198-o,Rob-0427@auto-service.co,"36099,42125,36025,42049,42115,42127,42123,36053,42033"
163,"Nolan, Dibbert and Dickinson",1-607-101-8679,auto-service.co/kl-564-m,Marcell-0319@auto-service.co,36045
164,Romaguera and Sons,1-536-953-9188,auto-service.co/oc-475-d,Corrine-9832@auto-service.co,"42041,36081,42033,42079,42047,36059,42005"
165,"Schroeder, Kub and Crooks",1-659-999-5925,auto-service.co/np-241-l,Jennell-5150@auto-service.co,"42113,42003"
166,"Effertz, Witting and Heidenreich",1-617-504-9111,auto-service.co/wi-171-j,Cameron-8633@auto-service.co,"36027,36037,42009,42013,42095,42019"
167,Murray Group,1-658-013-1402,auto-service.co/ic-507-a,India-6298@auto-service.co,"36017,36115,36065,36115,36071"
168,Klocko-Kling,1-605-841-4337,auto-service.co/dv-202-q,Korey-6064@auto-service.co,"42129,36053,42029"
169,Terry Group,1-640-430-4063,auto-service.co/wf-186-w,Kylie-6099@auto-service.co,"42013,42117,36083,36013"
170,Russel-Hodkiewicz,1-590-157-3532,auto-service.co/dn-770-k,Jaimee-3659@auto-service.co,"36005,42055,36015,42035,36121,36105,36039,36073,42131"
171,"Hudson, Kutch and Hills",1-630-457-9953,auto-service.co/nf-338-f,Bernardine-3935@auto-service.co,"36069,36123,42015,36111,36045"
172,Vandervort-Stoltenberg,1-656-573-6046,auto-service.co/xq-583-y,Scott-7761@auto-service.co,42111
173,"Christiansen, Gerlach and Orn",1-652-897-6052,auto-service.co/bj-917-q,Francisco-4316@auto-service.co,"36033,42031,42049"
174,"Hermiston, O'Kon and Runolfsdottir",1-381-606-3412,auto-service.co/ml-161-t,Erminia-9366@auto-service.co,"36057,42061,42097,36021,42021,42063,42063,36079,36037"
175,Watsica LLC,1-225-471-5752,auto-service.co/iu-816-e,Kyoko-6791@auto-service.co,"36023,36107,36117"
176,"Senger, Feil and Casper",1-699-958-7400,auto-service.co/wv-846-p,Jason-5695@auto-service.co,"42079,42121,42025,34031,36011,42003,42121,36107,36121"
177,"Becker, Oberbrunner and Nolan",1-528-970-6187,auto-service.co/vk-611-n,Galen-3726@auto-service.co,"34031,36045,34031,42011,36025,42019,42019"
178,"Weimann, Leffler and Boyer",1-639-449-8837,auto-service.co/jg-304-t,Christal-9134@auto-service.co,"42023,36085,34003,34003"
179,Koepp-Hegmann,1-642-722-2348,auto-service.co/ra-591-b,Sun-0405@auto-service.co,"42083,42005,42011"
180,"Goodwin, Medhurst and Reilly",1-596-921-3376,auto-service.co/xf-183-t,Clifton-7030@auto-service.co,"36079,42025"
181,"Wiegand, Rutherford and Bogisich",1-542-665-9760,auto-service.co/et-956-o,Ann-6298@auto-service.co,"36011,42131"
182,Hayes-Marvin,1-606-505-6637,auto-service.co/dl-676-f,Caryn-9919@auto-service.co,"36091,36109,42099,42133,42113,42131,42055,36095,36055"
183,Hilll-Schinner,1-551-824-9279,auto-service.co/lv-342-y,Devon-2590@auto-service.co,"42113,42061,42009,36009,42051,42127,42049,36107"
184,"Strosin, O'Kon and Leffler",1-256-556-7764,auto-service.co/yv-921-m,Virgilio-3671@auto-service.co,"36123,42055,36039,42031,42003,36109,42029,36033"
185,"Lind, Watsica and Goodwin",1-631-675-3523,auto-service.co/ub-129-u,Carson-4903@auto-service.co,"42061,42009,42035,42081,36021,36067,42013,36017,42045,42007"
186,"Hermann, Willms and Kutch",1-521-552-6768,auto-service.co/cg-440-b,Fernando-1523@auto-service.co,"36001,42105,42099,42065,36001,42133,42033,42111"
187,"Stanton, Labadie and Johnston",1-441-030-9969,auto-service.co/gq-144-x,Elvia-8135@auto-service.co,"36059,42051,42101"
188,"Berge, Monahan and Wolff",1-628-953-5122,auto-service.co/lp-796-v,Polly-0637@auto-service.co,"36045,42023,36003,36063,42063,36003,36003,36081,42121"
189,"Pagac, Dare and Marvin",1-634-681-4418,auto-service.co/tg-494-r,Hal-7404@auto-service.co,"36059,36123"
190,"Christiansen, Welch and Dickens",1-543-090-7361,auto-service.co/of-883-g,Lilian-5363@auto-service.co,"42025,36101"
191,"Hansen, Johns and Borer",1-589-174-0014,auto-service.co/cw-734-h,Mica-8307@auto-service.co,"42081,36093,42037,42015,42079,36019,42021,36075,42055"
192,Goyette Group,1-503-772-0649,auto-service.co/he-949-s,Ardelia-5802@auto-service.co,"42003,42123,42103,36081,42009,42007,42019,42081"
193,"Schaden, Spencer and Lueilwitz",1-651-462-0393,auto-service.co/af-369-d,Leslie-2246@auto-service.co,"42009,36021,42055,42125,42077,42049,42133,42131,36019,36121"
194,Fisher-Abshire,1-628-829-5640,auto-service.co/ht-713-z,Pam-8322@auto-service.co,"42045,42005,36097,42065,42021,42131,36101,42059"
195,Johns-Lehner,1-511-535-3362,auto-service.co/zl-905-s,Raul-1748@auto-service.co,36111
196,Rice Group,1-638-138-3869,auto-service.co/jy-618-a,Alejandro-8576@auto-service.co,"36021,36011,36053,36009,36025,36081,36015,36103,36001,36031"
197,Ullrich-Langworth,1-589-666-8794,auto-service.co/rg-550-i,Tanner-9795@auto-service.co,"42037,36113,42053,42125,36065,42085,36055,36017,34003,42083"
198,"Howell, Pacocha and Cummerata",1-616-574-3530,auto-service.co/en-511-h,Kendal-6921@auto-service.co,"36077,42045,36111"
199,"King, Kuhic and Cole",1-613-553-5101,auto-service.co/yl-557-a,Vernice-4596@auto-service.co,"36101,42121,36035"
200,Kassulke Inc,1-616-649-9567,auto-service.co/tc-365-d,Assunta-9095@auto-service.co,"36093,42115,36015,36103,42031"
201,"McGlynn, Dibbert and Jerde",1-647-135-3979,auto-service.co/jo-395-v,Florentina-6633@auto-service.co,"36095,42097,42011,42061,42017,42061"
202,"White, Gottlieb and Weissnat",1-223-960-9056,auto-service.co/cj-271-g,Giuseppe-0696@auto-service.co,42111
203,Stoltenberg-Stracke,1-640-944-7903,auto-service.co/gb-453-r,Norbert-3443@auto-service.co,"36013,36075,42021,42001"
204,"Kuhn, Donnelly and Hegmann",1-424-429-3674,auto-service.co/sd-523-x,Alfonso-5086@auto-service.co,"36021,09001,42115,42085,36031,36029,36049,36105"
205,"Stehr, Hickle and Stiedemann",1-491-469-6261,auto-service.co/cx-231-d,Quyen-2150@auto-service.co,42131
206,Wilkinson Inc,1-331-404-1823,auto-service.co/tr-765-d,Lenard-4953@auto-service.co,"36021,36011"
207,Mayert LLC,1-575-200-9156,auto-service.co/ki-368-l,Abbie-2227@auto-service.co,"36037,42015,42097,36063"
208,"Hilll, Stehr and Larkin",1-538-851-4547,auto-service.co/ts-185-d,Jeannine-3132@auto-service.co,"36055,42113,36017"
209,"Gutkowski, Von and Boyer",1-668-768-6596,auto-service.co/df-033-z,Johnny-8221@auto-service.co,"36115,36035,36079,42113,36047"
210,Willms Group,1-671-186-7876,auto-service.co/ty-842-x,Brendan-0459@auto-service.co,"42013,42037"
211,"Dooley, Skiles and Feeney",1-341-637-2788,auto-service.co/ol-902-m,Lakesha-6359@auto-service.co,"42027,36019,42059,42117,36089"
212,"Koelpin, Hane and Daniel",1-652-848-2888,auto-service.co/nc-617-y,Ashlyn-4308@auto-service.co,"42043,42133,34003,42011,36033,36109,36013,36033"
213,McClure-Wiza,1-699-457-6887,auto-service.co/eg-241-a,Lorraine-2576@auto-service.co,36107
214,Cremin Group,1-652-448-0904,auto-service.co/tk-261-k,Joana-4039@auto-service.co,"36019,36015,42125,36093,42113,36077"
215,"Sporer, Prohaska and Mohr",1-391-008-2222,auto-service.co/qg-588-z,Yvette-5781@auto-service.co,"42077,36079,36015,42075,42087,36041,42041"
216,Runte Inc,1-626-223-1818,auto-service.co/vw-598-i,Leon-9990@auto-service.co,"42011,36089,42099,42043,34003,42075"
217,Feeney-Gislason,1-380-830-3051,auto-service.co/eh-399-g,Ulysses-7660@auto-service.co,"36081,42111,42033,36055,42043"
218,Orn LLC,1-574-538-6339,auto-service.co/oi-599-h,Willa-3255@auto-service.co,"42093,42049"
219,Deckow and Sons,1-404-325-2565,auto-service.co/sk-432-i,Sean-2830@auto-service.co,"34031,42051"
220,"Waelchi, Schultz and Lind",1-502-625-5862,auto-service.co/zv-974-j,Gertude-9853@auto-service.co,"42031,36089,36011,42073"
221,Simonis-Beahan,1-498-666-9292,auto-service.co/xz-552-v,Inez-9598@auto-service.co,"36079,42105,36113,36079,42041"
222,O'Keefe and Sons,1-218-749-1977,auto-service.co/tc-796-e,Cassondra-7581@auto-service.co,"42059,36041,42101"
223,Friesen Group,1-699-676-1637,auto-service.co/mk-076-v,Russ-0859@auto-service.co,"36085,42103,42103,36021,36063,42117,36099,36009,36015,36003"
224,"Dicki, Keeling and Gulgowski",1-220-536-5378,auto-service.co/rb-928-y,Starr-9741@auto-service.co,"42115,42049,42033,36075,36023"
225,"Little, Reichel and Ondricka",1-693-051-8741,auto-service.co/lw-065-i,Reda-8911@auto-service.co,"36045,36055,36033,42049,36015,36013"
226,"Feeney, Christiansen and Hammes",1-629-532-9678,auto-service.co/ze-771-v,Luz-6670@auto-service.co,"42033,36111"
227,"Bogisich, Bayer and Harris",1-668-448-8006,auto-service.co/aj-197-i,Anya-9717@auto-service.co,"42015,36077,42077"
228,Swift Inc,1-293-999-7748,auto-service.co/fl-069-s,Temika-5721@auto-service.co,42007
229,"Jacobs, Greenholt and Doyle",1-696-109-4162,auto-service.co/ti-738-u,Willian-9263@auto-service.co,"36071,36097,36019,36009,36103,42091,42107,36067,36055"
230,"Cole, Huel and Farrell",1-625-983-7630,auto-service.co/gi-156-f,Dorthy-8270@auto-service.co,"42111,42099,42115"
231,Fahey and Sons,1-653-452-6025,auto-service.co/fx-102-l,Donnie-2779@auto-service.co,"42043,42097,36003,42113,42129,34003,42031,42087"
232,Sauer-Block,1-482-107-6872,auto-service.co/mz-029-s,Jeffrey-8223@auto-service.co,42081
233,Kerluke-Hintz,1-400-302-9430,auto-service.co/kv-180-s,Arturo-8475@auto-service.co,"42013,36007,36035,42025,42017,42069,42011,36045"
234,"Parker, Satterfield and Borer",1-485-887-5323,auto-service.co/jo-382-w,Roseanne-9403@auto-service.co,"42031,42033,36007,42049,36043"
235,"Schuppe, Cummerata and Abernathy",1-639-862-6303,auto-service.co/rn-265-q,Dorris-4421@auto-service.co,"42107,36091,42025,42005,36077,36063,36053,36013,36051"
236,"Zboncak, Boyle and Fahey",1-616-391-2946,auto-service.co/ia-349-r,Forest-9126@auto-service.co,42013
237,Kassulke Inc,1-647-810-6061,auto-service.co/nf-578-w,Minnie-2564@auto-service.co,"42121,36083,36025,36061,36081,42019,36019,36123,42105"
238,"Barton, Boehm and Jast",1-508-427-8714,auto-service.co/gx-380-v,Margarete-4436@auto-service.co,"42117,36013,42091,36085,36021,42059,42129,42119,36103,36089"
239,Goyette-Greenholt,1-688-807-0701,auto-service.co/rw-783-h,Jennie-0189@auto-service.co,"42041,42009,42123,42003,42105"
240,"Kuhlman, Walter and Yost",1-663-721-7437,auto-service.co/vd-793-k,Aleida-4871@auto-service.co,"42113,36039,36061"
241,"Hickle, Fritsch and Keeling",1-228-801-2806,auto-service.co/kn-547-i,Charis-8162@auto-service.co,"36051,36121,42017,36011,36089,36069,42075,36119,36103"
242,"Corkery, Ondricka and Mraz",1-510-221-9329,auto-service.co/hk-277-v,Duncan-6242@auto-service.co,"42099,42049"
243,Rice LLC,1-604-707-8233,auto-service.co/dp-726-w,Leonel-8631@auto-service.co,"36031,42033,42099,42065,36113,42125,36037,36115,42041,42069"
244,Senger Group,1-421-695-7246,auto-service.co/kz-170-g,Jerome-7459@auto-service.co,"36103,42123,42023,36017,36059,42075,36071,36079,09001"
245,"Schumm, Schaefer and Blick",1-571-697-3312,auto-service.co/st-160-g,Margareta-1877@auto-service.co,"36107,42113,36021,36099"
246,"Hand, Runte and Blanda",1-516-063-5779,auto-service.co/bf-078-x,Son-6858@auto-service.co,36113
247,Bechtelar LLC,1-399-137-8316,auto-service.co/iu-830-g,Harrison-4706@auto-service.co,"36063,42037,42005,42127,42029,42005,36107"
248,"Okuneva, Kessler and Lindgren",1-521-364-2958,auto-service.co/hz-402-r,Willodean-3285@auto-service.co,"36063,42029,42105,42053,36111,36119,36083"
249,Stanton LLC,1-629-074-8714,auto-service.co/mt-612-y,Graig-4750@auto-service.co,"36083,42113,42105,36109,42035,42037,42061,36101"
250,Bogisich-Kreiger,1-417-609-1892,auto-service.co/ba-278-t,Kendrick-3621@auto-service.co,"34003,36035,36023,36057,36021,42037,42027,36005,36025"
251,"Grimes, Beier and Corwin",1-436-444-4421,auto-service.co/nq-590-r,Doretta-4930@auto-service.co,"42039,36103,42069,42061,42115,42067,36119,42121"
252,Glover-Schimmel,1-640-650-0927,auto-service.co/we-762-x,Laquanda-4423@auto-service.co,"42029,36045,42029"
253,"Hoeger, Braun and Roberts",1-641-258-9342,auto-service.co/sd-421-w,Marg-4739@auto-service.co,"42039,42025,36045,42043,36081,36053"
254,Hessel and Sons,1-675-875-0579,auto-service.co/xs-063-b,Adolfo-6169@auto-service.co,"36117,42069,36107,36097,42079,36117,42053,36077,36003"
255,Hessel-Okuneva,1-503-495-0457,auto-service.co/gm-913-d,Julene-8129@auto-service.co,"42009,36017,36061,36095,36011,42041,36027,42001"
256,Boyer Group,1-673-033-4533,auto-service.co/kt-796-q,Ernie-3564@auto-service.co,"36019,42097,36059,42061"
257,Ratke Group,1-580-386-1860,auto-service.co/to-135-l,Hannah-0671@auto-service.co,"36117,36005,42041,42025,36103,34031,36089,36041,42021,42125"
258,"Tremblay, Armstrong and Fay",1-650-097-8238,auto-service.co/aq-355-e,Corey-3137@auto-service.co,36071
259,"Crist, Rodriguez and Koss",1-679-792-9059,auto-service.co/xa-346-n,Gus-1859@auto-service.co,"36057,36065,42037,36059,36015,42021,42039"
260,"Larkin, Towne and Stoltenberg",1-588-139-7110,auto-service.co/lp-974-w,Clarisa-2637@auto-service.co,"42095,36045,42023,36045,36065,36069,42041,42007,42015"
261,Huels-McClure,1-667-614-8234,auto-service.co/au-095-l,Lida-4461@auto-service.co,"42035,42087,42119,36027,42093,36027"
262,Buckridge-Howe,1-532-879-8978,auto-service.co/pd-524-s,Hildegard-5681@auto-service.co,36081
263,"Raynor, Rippin and Kozey",1-645-380-7554,auto-service.co/qh-892-o,Marc-6006@auto-service.co,"36023,36121,36015"
264,Bosco and Sons,1-626-183-2873,auto-service.co/gb-409-b,Zella-1465@auto-service.co,"36023,36055,42069,36049,42059,36077,36103,36123,42105,36091"
265,Runolfsson Inc,1-662-233-3346,auto-service.co/kn-987-n,Yer-8071@auto-service.co,"36117,42103,36005,36067,36123,36041,36021,42117,36007,36053"
266,"Fahey, Luettgen and Thompson",1-651-940-4482,auto-service.co/hb-510-x,Len-5270@auto-service.co,"42129,42067,36095,36045,36049"
267,Kertzmann-Cassin,1-586-223-8259,auto-service.co/mn-995-o,Duncan-8844@auto-service.co,"42009,36117,36113,42031,36101,42053,42055,36069,42081,36111"
268,Prosacco and Sons,1-560-587-3033,auto-service.co/id-784-u,Bennie-6870@auto-service.co,"36031,42037,36071,42085,42117,42131"
269,Kshlerin-Jast,1-573-749-9368,auto-service.co/nj-461-k,Taina-5257@auto-service.co,"42067,42091,36097,42019,42065,36019,36081,09001,42087,36069"
270,Donnelly LLC,1-358-202-3541,auto-service.co/ti-854-k,Wm-9538@auto-service.co,"36075,36093,36111,36029,36081,36037,42109,36011,42053,36065"
271,"Welch, Emmerich and Mante",1-256-519-3453,auto-service.co/vp-624-a,Brianna-2293@auto-service.co,"42133,36105,42005,42055,42079"
272,Romaguera Inc,1-620-179-6648,auto-service.co/gv-338-y,Laronda-6346@auto-service.co,"09001,42093,36103,42067,36019,36117"
273,Toy Inc,1-576-667-0970,auto-service.co/xy-302-e,Maricela-1096@auto-service.co,"36033,42081,36071,42057,36097,42069,42085,42047,42021"
274,Schuppe-Lindgren,1-632-861-2790,auto-service.co/og-219-f,Azalee-7886@auto-service.co,"36015,36085,36097,36103"
275,Wilderman LLC,1-576-824-6511,auto-service.co/me-539-h,Burt-4385@auto-service.co,"42025,36113,42025,42129,36095,42017,42023,36039,42069"
276,"Sipes, Langosh and Huels",1-659-596-1272,auto-service.co/gz-762-u,Yong-5681@auto-service.co,"42049,42057,36045,36093,36107,42061,42083,42109"
277,Bergnaum-Murazik,1-653-594-6012,auto-service.co/gb-283-i,Gaynelle-9234@auto-service.co,"42003,36091,42071,42117,36043"
278,"Mills, Lindgren and Mayert",1-625-219-4271,auto-service.co/xs-422-b,Frederic-4568@auto-service.co,"42133,36011,36053,42065"
279,Sipes LLC,1-391-499-6731,auto-service.co/ig-242-a,Adolfo-8105@auto-service.co,"36059,42009,36005,36063,42043,42109,42003,36069,36003,36119"
280,"Sauer, Buckridge and Sporer",1-604-654-6921,auto-service.co/aw-625-y,Angelic-4341@auto-service.co,"36105,42071,42103,42077,36053,42037"
281,"Mosciski, Turner and Beatty",1-447-275-5970,auto-service.co/wc-597-w,Merrill-7343@auto-service.co,"42053,42043,36005,36123,42113,42131,36107,42077,42029"
282,Gottlieb-Mills,1-552-503-7702,auto-service.co/qm-027-m,Michale-2440@auto-service.co,"36115,42005"
283,Block-Wolf,1-672-013-9529,auto-service.co/pr-281-j,Franklyn-3687@auto-service.co,36107
284,"Kling, Gottlieb and Wilkinson",1-690-790-5285,auto-service.co/sb-380-l,Danny-7976@auto-service.co,"42125,42009,36055,42051,42081,36097"
285,Marks and Sons,1-632-480-7536,auto-service.co/bs-364-p,Graham-6321@auto-service.co,"42063,42023,36033,42033,36063,36091,42005,42117"
286,"McLaughlin, Hane and Koch",1-481-254-0780,auto-service.co/bl-832-i,Magen-0329@auto-service.co,"34003,42005,42005,42117,36059,42013"
287,Lemke-Howell,1-541-846-1191,auto-service.co/vp-091-w,Ivan-1087@auto-service.co,"42023,36011,42117"
288,"Christiansen, Murphy and Lehner",1-619-198-0125,auto-service.co/ac-828-u,Juliet-1387@auto-service.co,"36077,42033,36021,36067,09001,42047,36075,36029"
289,Hahn-Huels,1-603-964-1305,auto-service.co/uq-517-s,Jamal-5733@auto-service.co,"36087,36105"
290,Quigley Group,1-463-808-2129,auto-service.co/st-921-t,Quinn-5943@auto-service.co,"36025,42075,42009,42053,36083,42109,36113,42061,36119"
291,Farrell-Corkery,1-518-842-9086,auto-service.co/gz-344-c,Garfield-1208@auto-service.co,"42131,42061,36057,36059,42043,36123,36057"
292,Gibson Inc,1-667-013-6959,auto-service.co/nf-614-d,Jean-2556@auto-service.co,"36107,42123"
293,Williamson Group,1-673-222-6985,auto-service.co/xh-757-d,Katlyn-9740@auto-service.co,"36089,42051,36041,42055,36079"
294,"Prohaska, Flatley and Langosh",1-632-369-5542,auto-service.co/fq-941-f,Edmund-7987@auto-service.co,"36119,36071,42057,42013,36117,42039"
295,Brekke LLC,1-344-261-3639,auto-service.co/jw-076-q,Ciera-1938@auto-service.co,"42011,42003,36053,36115,36075,42057,36107"
296,Willms Inc,1-631-506-1292,auto-service.co/hy-111-l,Chas-0122@auto-service.co,"36053,36039,42009,42041,36023,36115"
297,Grimes and Sons,1-230-310-3916,auto-service.co/eg-892-s,Mack-3020@auto-service.co,"42065,36099,42053,42049,36045,42133,36089"
298,Flatley LLC,1-463-430-5186,auto-service.co/mj-562-e,Sang-6286@auto-service.co,"42015,36031,42093,36003,42063,42057"
299,Rodriguez-Fadel,1-492-954-0052,auto-service.co/jh-435-r,Lawerence-2608@auto-service.co,"42007,36053"
300,Price and Sons,1-536-027-1783,auto-service.co/bu-087-k,Lavona-0063@auto-service.co,"42051,36113,42085,36095,36071,42069,36103,36085,42019"
301,Friesen-Schoen,1-643-927-6591,auto-service.co/wh-880-g,Shari-5630@auto-service.co,"42095,36099,42099,36079,36065,36011,36035,42071"
302,Bartell LLC,1-631-823-2454,auto-service.co/jd-865-k,Suanne-6738@auto-service.co,"36083,42069,42033,36117,42069,36021,36091"
303,"Zieme, Schulist and Jacobs",1-530-500-6590,auto-service.co/rz-534-g,Pa-8150@auto-service.co,"36043,42111,42009,36123,36113,36107"
304,McCullough-Jacobi,1-493-566-8748,auto-service.co/kc-090-o,Alva-8051@auto-service.co,"42113,42119,36065,42067,36005,42065,36075,42087,42085"
305,Barton-West,1-671-301-8859,auto-service.co/mr-386-p,Jesus-5626@auto-service.co,"36053,42057"
306,Trantow Group,1-256-604-1168,auto-service.co/du-805-u,Johnathan-6566@auto-service.co,"36087,42105,42009,36037,42077,36015,36035,36095"
307,Hane Group,1-583-393-0695,auto-service.co/av-354-p,Marquetta-5405@auto-service.co,36081
308,"Haag, Bartoletti and Bode",1-476-054-2897,auto-service.co/tc-535-n,Marcellus-1663@auto-service.co,"36075,42083,42033"
309,McGlynn-Osinski,1-579-560-5378,auto-service.co/rw-819-k,Lionel-0729@auto-service.co,"42007,42035,42061,34003,36027,36085,36105,42089"
310,Steuber LLC,1-680-265-0828,auto-service.co/ju-945-b,Mitzie-0241@auto-service.co,"36109,42021"
311,"D'Amore, Franecki and Walsh",1-552-987-0880,auto-service.co/mj-910-c,Gisele-3945@auto-service.co,"36007,42065,34031,36059,42127,36023,36055,42049,36059"
312,Koss-Padberg,1-403-858-8017,auto-service.co/gr-932-f,Tamica-6514@auto-service.co,"42063,36089,36003,36115,36083"
313,Schiller-Witting,1-531-558-6203,auto-service.co/pt-556-a,Maureen-4629@auto-service.co,"42053,36043,42063"
314,"Hansen, Rath and Wintheiser",1-543-554-8851,auto-service.co/or-998-d,Manuel-0158@auto-service.co,"36059,42069,36009,36005,42115,36081,36023,36031,36121,42057"
315,Donnelly-Marvin,1-415-029-5388,auto-service.co/kt-574-s,Brent-4524@auto-service.co,"42037,36101,36015,36003,36039"
316,"Krajcik, Veum and Bashirian",1-699-260-6806,auto-service.co/op-824-c,Martin-1731@auto-service.co,"42133,36035,36063,36019,36079,36115,36123,42035"
317,Hahn LLC,1-602-442-4978,auto-service.co/es-052-r,Norris-3229@auto-service.co,"42125,36027,36117,42103,36003,36037,36015"
318,Nicolas Inc,1-531-721-9252,auto-service.co/sz-683-d,Edgardo-0162@auto-service.co,42121
319,Kessler Group,1-528-462-7677,auto-service.co/mb-414-e,Maryln-8275@auto-service.co,"36061,42061"
320,VonRueden Group,1-553-873-6987,auto-service.co/hm-085-d,Buford-6868@auto-service.co,"42123,42009,42057"
321,"Reinger, Harris and Kris",1-658-094-2138,auto-service.co/zw-585-k,Sharyn-0168@auto-service.co,"42061,42059,42007,36075,42047,42065,36093,42111,36003,42081"
322,Christiansen-White,1-680-478-2181,auto-service.co/zl-286-p,Bethanie-0423@auto-service.co,"36055,36101,36081"
323,Weissnat-Kiehn,1-511-808-0441,auto-service.co/xw-905-a,Edison-9856@auto-service.co,"36073,42099,36011"
324,Conn-Kuhic,1-380-770-8367,auto-service.co/kv-354-f,Malcom-7295@auto-service.co,"42019,42027,36073,42119,42083,36043,36059,42073"
325,Bahringer Inc,1-679-846-9761,auto-service.co/vb-639-u,Laine-6873@auto-service.co,"42021,36087,36063,42057,36065,42031,42083"
326,Sauer-Lind,1-337-380-5712,auto-service.co/rl-227-k,Stan-7623@auto-service.co,"42095,42099,42083,42089"
327,"Langosh, Cronin and Nicolas",1-528-765-9838,auto-service.co/uf-594-k,Adolph-2718@auto-service.co,"42105,36067,36019,42027,42007,36011,36099,36013,36057,42121"
328,Goodwin Inc,1-574-562-9795,auto-service.co/pf-862-v,Azucena-5157@auto-service.co,"36087,42115,36123,36009,36121,36109,36099,36027,42107"
329,"Steuber, Stracke and Keebler",1-411-225-7810,auto-service.co/jo-909-b,Isabelle-9253@auto-service.co,"42131,42021"
330,"Abshire, Kreiger and Reichert",1-425-143-6707,auto-service.co/oe-882-b,Gaston-1548@auto-service.co,"36117,09001,36091,42081,09001,42059,42077"
331,Upton-Durgan,1-695-410-9623,auto-service.co/ic-279-o,Kraig-5065@auto-service.co,"36021,36063,36099,42097,42127,42035,36031,42029,36115"
332,Franecki-Kertzmann,1-545-237-1417,auto-service.co/te-880-d,Kelvin-3969@auto-service.co,"36103,36039,42101,42109,36087,36091,42119,36015,36037,42001"
333,Haag Group,1-583-536-5720,auto-service.co/dy-081-j,Mohamed-3621@auto-service.co,"42017,36079,42077,36029,36051,36073,42025,42013,42079"
334,Kozey-Conroy,1-668-651-8910,auto-service.co/ir-495-h,Nan-5365@auto-service.co,42087
335,Hermiston-McLaughlin,1-293-712-5957,auto-service.co/pa-349-d,Hoyt-0387@auto-service.co,36083
336,Orn-Kessler,1-637-280-4565,auto-service.co/sk-560-q,Madeleine-8324@auto-service.co,"36069,42021,42001,42109,42123,36047,36017,36053,36095,42059"
337,Fisher-Nicolas,1-672-210-2583,auto-service.co/dx-607-n,Elijah-5827@auto-service.co,42119
338,"O'Hara, Little and Lowe",1-671-350-5424,auto-service.co/kp-090-a,Buster-7386@auto-service.co,"42033,36089,36001"
339,"Spencer, Medhurst and Torphy",1-635-007-8527,auto-service.co/sc-137-u,Elfreda-8448@auto-service.co,"42121,42001,36013,42037,36051,36095"
340,Shields-Stehr,1-673-437-8500,auto-service.co/ay-556-e,Gino-3918@auto-service.co,"42123,42033"
341,Hilpert Inc,1-496-369-0053,auto-service.co/ou-236-f,Leatha-5956@auto-service.co,"36025,42005,42125,42097,42003,36019,42049"
342,Lynch-Stracke,1-406-753-1760,auto-service.co/on-687-k,Rachell-7899@auto-service.co,"42099,42017,36007,42073,42067,36055,42041,42063"
343,"Stracke, Cormier and Feest",1-652-283-8203,auto-service.co/ja-347-y,Gregorio-1155@auto-service.co,"42081,36115,42073,42061"
344,"Waelchi, Gaylord and Bradtke",1-642-353-6501,auto-service.co/of-074-g,Travis-0901@auto-service.co,"42065,42133,42111,36123,36075,42111,42113,36013"
345,Stamm and Sons,1-610-953-1231,auto-service.co/zr-348-l,Perry-2426@auto-service.co,"36041,36073,36119,42003,42089"
346,Fahey and Sons,1-596-700-7039,auto-service.co/sp-271-k,Ernesto-5241@auto-service.co,"36011,36075,42125,42123,36101,42061,42019,42079,42109"
347,Brakus-Carter,1-204-631-7189,auto-service.co/av-774-o,Rikki-1009@auto-service.co,"36005,42043,36059,42121,42121,42013,42007,36023,42081,36061"
348,"Wunsch, Hilpert and Crist",1-620-325-8945,auto-service.co/yp-101-l,Elvis-6957@auto-service.co,"36039,36123,42053,42013,42061,42091,36085,42041,42129,36003"
349,Koss-Yundt,1-617-664-9608,auto-service.co/hd-881-y,Evon-0264@auto-service.co,"36049,36015,42007,36039,42117,42041,42061,36095"
350,"Lesch, Waters and Morissette",1-571-877-0782,auto-service.co/xa-263-s,Donnell-3377@auto-service.co,"36029,36061,42087,36089,36025,36111,42131,36057,42099,36069"
351,Waelchi Inc,1-604-760-1871,auto-service.co/lc-054-w,Aimee-6800@auto-service.co,"36117,36073,09001,42093,36027,36029,42019,42035,36109,42053"
352,Donnelly-Dare,1-660-089-2400,auto-service.co/ah-372-u,Darrin-6034@auto-service.co,"36071,42011,42069,42049,42031,42087,36021"
353,"Jaskolski, Hoppe and Herzog",1-232-324-7920,auto-service.co/ge-802-p,Kellye-6759@auto-service.co,"36009,36043,42093"
354,"Wunsch, Klocko and Streich",1-558-265-3659,auto-service.co/cv-091-n,Stella-4256@auto-service.co,"36021,36085,42117,36109,36115,36019,42025,36071,42043,36041"
355,Lowe-Green,1-448-240-5302,auto-service.co/hi-724-z,Sherron-0153@auto-service.co,42103
356,"Crooks, Raynor and King",1-697-999-0730,auto-service.co/ao-716-i,Neville-6725@auto-service.co,"42085,42101"
357,"Hoppe, O'Conner and Nicolas",1-600-249-2193,auto-service.co/pi-972-k,Preston-0067@auto-service.co,"36019,42019,42113,36107,36029,36089,42037"
358,"Mante, Welch and Hoppe",1-607-922-6034,auto-service.co/sn-600-r,Leigh-6969@auto-service.co,"36083,42093"
359,Pacocha LLC,1-641-032-1275,auto-service.co/bq-523-q,Audra-7475@auto-service.co,"36073,34003"
360,Orn and Sons,1-263-958-0754,auto-service.co/vn-399-m,Galina-0172@auto-service.co,"42099,42063,36027,42077,36105,36029"
361,Moore Inc,1-526-276-2114,auto-service.co/cd-191-y,Norris-3101@auto-service.co,"42057,42021,42111,36055,42101,36067,42043"
362,"Windler, Lebsack and Gaylord",1-353-946-6425,auto-service.co/sb-468-j,Rod-1308@auto-service.co,"36123,36039,36091,36051,42049,36087,42047,36095,42099,42133"
363,Aufderhar Inc,1-423-140-3267,auto-service.co/lp-718-r,Raphael-5987@auto-service.co,"42027,36111,42059,36069,42099,36087"
364,Rogahn-Powlowski,1-257-758-7235,auto-service.co/hs-565-d,Keli-1427@auto-service.co,"36055,36049,36027,09001"
365,Towne Group,1-638-828-8976,auto-service.co/pk-695-h,Shaun-9671@auto-service.co,"42123,42015,42005"
366,Bauch-Rogahn,1-429-744-6028,auto-service.co/to-505-j,Bryce-5488@auto-service.co,"42031,42085,42091,42063,36011,36107"
367,Mayer and Sons,1-518-010-9609,auto-service.co/hm-776-v,Anibal-0719@auto-service.co,"36041,42077,36023,42061,36037,42081"
368,"Monahan, Kassulke and Gottlieb",1-601-104-8229,auto-service.co/vx-994-f,Charlie-8798@auto-service.co,"42117,36083,42003,42047,36113,42037,36101,42073"
369,Boehm-Halvorson,1-669-296-9194,auto-service.co/sy-586-c,Nickolas-9229@auto-service.co,"36111,36069"
370,"Quigley, Stoltenberg and Adams",1-661-040-4072,auto-service.co/ft-393-j,Terisa-4029@auto-service.co,"36009,42077,36013,36049,42091"
371,Gleason-Mayert,1-643-533-4441,auto-service.co/fj-287-g,Vern-6078@auto-service.co,"42017,42037,36069,42081,36029"
372,Wiegand-Kassulke,1-490-689-0332,auto-service.co/xz-734-o,Mandi-5660@auto-service.co,36097
373,Bruen-Wilderman,1-646-554-5155,auto-service.co/cm-725-g,Jon-2093@auto-service.co,"36085,42059,42037,36021"
374,"Fahey, Harber and Hayes",1-506-575-6128,auto-service.co/ut-119-l,Zenobia-8197@auto-service.co,"42009,42061,42029,42075,42019,36007,36121,36001"
375,Wehner-Ratke,1-675-629-9137,auto-service.co/mr-508-e,Erica-9870@auto-service.co,"42091,42123,36071,42123,42059,42129,36117"
376,Rath LLC,1-561-486-8479,auto-service.co/hp-774-x,Marcell-2937@auto-service.co,"36039,42009"
377,"Koepp, Lockman and Muller",1-605-534-8293,auto-service.co/jt-477-h,Emil-6245@auto-service.co,"42119,42039,42077"
378,Ferry-Botsford,1-415-551-9715,auto-service.co/ew-584-b,Velva-3684@auto-service.co,"36045,36075,42111,42041,36107"
379,Jerde-Hauck,1-596-078-3132,auto-service.co/on-541-m,Walton-8561@auto-service.co,"36033,42133,36055"
380,"Volkman, Hirthe and Mosciski",1-580-403-8051,auto-service.co/mw-233-s,Donny-6395@auto-service.co,"42107,36121,42061,36011,36033,36087,42089,36033,36121,42069"
381,Hammes and Sons,1-406-700-7166,auto-service.co/bj-410-z,Kenia-2274@auto-service.co,"42083,42001,36077,42019,42047"
382,"Kilback, Buckridge and Raynor",1-482-672-6962,auto-service.co/fq-475-h,Junior-7858@auto-service.co,"36051,36055,34003,34031,36065,42133,36001,36001"
383,Morar LLC,1-606-184-3372,auto-service.co/xc-673-n,Johnny-5748@auto-service.co,36113
384,Schumm-Streich,1-640-935-2763,auto-service.co/fm-662-g,Natacha-5450@auto-service.co,"36055,42033"
385,Beahan-Cartwright,1-680-582-2041,auto-service.co/de-542-l,Cecil-8745@auto-service.co,"34031,36067,36075,42079"
386,"Ritchie, Keebler and Fadel",1-471-383-6309,auto-service.co/aj-164-r,Tonette-4390@auto-service.co,"42099,36015"
387,Carroll Group,1-499-919-8281,auto-service.co/to-843-t,Kari-6489@auto-service.co,"42061,36049,42021,36075,42113,42019"
388,Gutmann-Schimmel,1-214-453-6612,auto-service.co/et-616-d,Morton-1361@auto-service.co,"36031,36083,42053,42087,42049,36109,36049,36105"
389,Kuhic-Rau,1-684-801-8849,auto-service.co/um-609-i,Maryjo-5721@auto-service.co,"42025,36039,42119,36055,36043,42027"
390,Maggio-Mayert,1-689-240-8306,auto-service.co/dt-153-g,Saran-0591@auto-service.co,"36039,42069,36011,36085,42059,36041"
391,Cremin and Sons,1-655-977-0291,auto-service.co/gr-262-x,Eugene-9626@auto-service.co,"36067,42131,42025,42063,42057,36035,42075,42107"
392,Bauch-Kuhlman,1-685-885-6868,auto-service.co/no-527-k,Rodrick-1858@auto-service.co,"42133,36001"
393,Buckridge-Smitham,1-685-173-1178,auto-service.co/bn-366-c,Richie-8149@auto-service.co,"36069,36007,42009,36121,42065,36105,42131,36065,36023"
394,Jakubowski LLC,1-566-434-6026,auto-service.co/cz-254-w,Karleen-4559@auto-service.co,"36039,42015,36009,36045,42101,34003,09001,42129,36027"
395,Strosin-Williamson,1-632-224-1981,auto-service.co/zg-843-j,Jamie-9389@auto-service.co,"36073,36085,42087,36053,36061"
396,Quitzon Group,1-652-627-9811,auto-service.co/ml-959-g,Boyd-6597@auto-service.co,"36095,42091,42101,36113,42097,36117"
397,"Miller, Schulist and Schmidt",1-403-361-8545,auto-service.co/ls-945-d,Tashia-0929@auto-service.co,"36067,36105,34031,42083,42087,36089,42133,42081,42009,42009"
398,Rowe Inc,1-673-931-8011,auto-service.co/ib-993-v,Michel-9093@auto-service.co,"42025,36013,36083,42069,42019,42111"
399,Hagenes Inc,1-549-278-0144,auto-service.co/ub-047-n,Boyce-4998@auto-service.co,"42109,42043,36047"
400,"Marks, Fisher and Streich",1-630-693-3773,auto-service.co/xc-808-u,Aleen-7138@auto-service.co,"42075,36117,36025,42101,42021,36017,36103,42049,42011,42065"
401,Strosin-Stark,1-653-851-4585,auto-service.co/jr-526-u,Thelma-6462@auto-service.co,"36081,36109,36065,36115,42007,42019"
402,Kling-Huel,1-693-766-5741,auto-service.co/lc-060-b,Carmine-9467@auto-service.co,"36071,42079,36067,36095,42011"
403,Pollich-Bernier,1-522-678-4597,auto-service.co/da-683-s,Jana-2886@auto-service.co,"36083,34031,42109,36101,36041,42097,36009,42103,42067,42107"
404,"Runolfsdottir, Legros and Schowalter",1-665-471-0598,auto-service.co/vi-511-x,Sheree-9945@auto-service.co,"36041,42095,36089,42107,34031,36087,42075,42051,42069,42037"
405,Abbott Group,1-643-786-9599,auto-service.co/ex-853-a,Julieann-4245@auto-service.co,"42031,36045,42015,42131,36065"
406,Grady-Lueilwitz,1-620-699-1972,auto-service.co/ro-880-u,Lionel-7814@auto-service.co,"36071,36075,36097,42127"
407,Schaefer Inc,1-576-348-2534,auto-service.co/wc-578-c,Gonzalo-2332@auto-service.co,"36041,42099,42007"
408,Legros-Quitzon,1-625-438-6993,auto-service.co/gh-886-i,Genoveva-0498@auto-service.co,"36043,36001,42069,42009,42069,42011,42031,36113"
409,Crooks and Sons,1-232-704-6589,auto-service.co/ji-129-o,Ferne-4929@auto-service.co,"42005,36013,42031,42067,42113"
410,"Reichert, Abshire and Hills",1-581-780-4124,auto-service.co/hv-912-e,Machelle-4807@auto-service.co,"36103,36059,36087,42089,36067,42039,36091,36049"
411,Kilback LLC,1-336-644-0058,auto-service.co/io-101-m,Andy-2797@auto-service.co,"42105,36101,42039,42103,42059"
412,"Ziemann, Bahringer and Predovic",1-601-887-7285,auto-service.co/ah-097-u,Tama-8169@auto-service.co,"36083,42029,42073,42015,36023"
413,Cassin-Nolan,1-642-497-7846,auto-service.co/xa-397-f,Lynne-2152@auto-service.co,"36103,36069,42087,42021,42005,42055,36019,42047"
414,Walker-Trantow,1-510-450-4896,auto-service.co/mf-471-a,Warren-3410@auto-service.co,"36079,36005,42085,42095,42045,36099"
415,"Lebsack, Schoen and Ziemann",1-582-777-6910,auto-service.co/sz-900-d,Tera-3683@auto-service.co,"36029,36101"
416,Weissnat Group,1-477-974-4081,auto-service.co/lu-138-e,Wilfredo-6942@auto-service.co,"36069,42099"
417,Jacobs LLC,1-639-781-9990,auto-service.co/ot-680-h,Maritza-2868@auto-service.co,"36029,36035,36039,42067,42069,42075,42025"
418,Barrows and Sons,1-697-271-9885,auto-service.co/bd-261-n,Karlyn-9527@auto-service.co,"36079,42085,42045"
419,"Collier, Hirthe and Gutmann",1-394-639-1047,auto-service.co/ad-342-s,Annmarie-9988@auto-service.co,"36079,42083,36029"
420,"Tromp, King and Satterfield",1-447-595-3577,auto-service.co/by-755-p,Florene-4435@auto-service.co,"42051,36047,36047,36013,36005,42125,42047"
421,Goodwin-Kerluke,1-697-789-6088,auto-service.co/du-413-a,Jenniffer-1641@auto-service.co,"42119,36107,36083,42059"
422,Wilkinson Group,1-636-010-5910,auto-service.co/sk-348-n,Elwood-3154@auto-service.co,"42047,42085,36033,36101,42035,36085,42051,42105,42069"
423,Sipes LLC,1-506-884-7218,auto-service.co/xt-032-f,Kristy-7398@auto-service.co,"42109,36011,36031,42021,36063"
424,Bergnaum and Sons,1-357-381-7595,auto-service.co/dm-034-p,Royal-3912@auto-service.co,"36085,42071,42121,36081,36049,42009"
425,Brown Inc,1-659-296-4343,auto-service.co/vy-847-b,Latoya-9972@auto-service.co,"42019,36057,42109,42063"
426,"Lynch, O'Conner and Brakus",1-318-291-2842,auto-service.co/rx-520-n,Ignacio-7444@auto-service.co,"42049,34003,42007,42079,36013,42039,42113,42043,42055,42059"
427,Gerhold LLC,1-592-235-7791,auto-service.co/wb-098-y,Homer-9453@auto-service.co,"42057,36015,36039,36121,36119,42077,42095,42089"
428,Kovacek-Cruickshank,1-687-294-0145,auto-service.co/tc-082-d,Bert-5002@auto-service.co,"42037,36089,42133,36011,36093,36103,36035,42133"
429,Rogahn and Sons,1-581-760-4174,auto-service.co/xe-685-e,Cleta-0159@auto-service.co,34003
430,Botsford-Emmerich,1-543-229-9169,auto-service.co/zc-959-y,Dirk-6306@auto-service.co,"36007,42101,42085,42005,36011,09001"
431,"Muller, Rolfson and Altenwerth",1-655-840-1029,auto-service.co/pj-206-i,Margret-5071@auto-service.co,"42107,36007,42093,42131"
432,Romaguera and Sons,1-587-087-3588,auto-service.co/ku-247-t,Johnathon-4547@auto-service.co,"36079,36003,42075,36067,42015"
433,Reichel and Sons,1-601-498-4623,auto-service.co/hm-427-n,Deon-3757@auto-service.co,"42053,42101,36015,36035"
434,"Towne, Ankunding and Brekke",1-352-001-5879,auto-service.co/ft-999-e,Keneth-8532@auto-service.co,"36031,42133,42013,36037,34031,36047,42117"
435,Mayert-Kirlin,1-638-909-6982,auto-service.co/rq-979-k,Christopher-6258@auto-service.co,"09001,42015,42043,42069,42103,36043,36071"
436,Schmidt Group,1-640-765-2908,auto-service.co/wl-104-r,Murray-2356@auto-service.co,"36089,36059"
437,O'Conner and Sons,1-667-163-5264,auto-service.co/gq-193-y,Genny-2923@auto-service.co,"42013,36075,36077,34031,36029,36105,42133,42045,36025"
438,Hessel-Nolan,1-534-838-5620,auto-service.co/yl-927-m,Angeline-1569@auto-service.co,"42093,36031,36097,36039,42131,36097,42127,34003,42049,36017"
439,Mayer-Schimmel,1-658-654-6278,auto-service.co/hq-512-m,Amanda-1991@auto-service.co,"36037,36031,42067,36099,36093"
440,Walsh-Rodriguez,1-438-943-4758,auto-service.co/mu-406-l,Elene-6963@auto-service.co,"42041,36083,42039,36097,36045,42129,34003"
441,Leuschke and Sons,1-594-448-3099,auto-service.co/ru-026-h,Loyd-5322@auto-service.co,"36119,42113,42015"
442,"Miller, Adams and Schulist",1-591-886-4044,auto-service.co/kw-216-n,Katrice-8404@auto-service.co,"42123,42095,36117,42041,36075,42101,42117"
443,"Dietrich, Rath and Trantow",1-297-468-5122,auto-service.co/nm-592-o,Seymour-2935@auto-service.co,"42131,42105,42031,42045,42013,42045,42077,36047,42025"
444,"Sauer, McDermott and Swaniawski",1-500-162-6546,auto-service.co/zd-571-k,Damion-2681@auto-service.co,"42045,36009,36001,42117,42079,42045,36029,36077"
445,Fay LLC,1-528-400-4486,auto-service.co/ex-592-o,Ruben-2717@auto-service.co,"42085,36007,36087,42079,36067,36095,42133,42097"
446,Bailey-Weissnat,1-671-431-4662,auto-service.co/hw-503-s,Mona-1255@auto-service.co,"42101,36101,42003,42073,36089"
447,Corwin and Sons,1-687-727-9191,auto-service.co/ap-533-f,Edwin-8868@auto-service.co,"42039,36111,36009,42073,36109,42061,42125,36109"
448,Shields Inc,1-229-020-7442,auto-service.co/zu-585-x,Leoma-8955@auto-service.co,"42101,42081,42001,36047,42109,36107,42055,36117,42071"
449,Bergnaum-Torphy,1-638-006-5302,auto-service.co/qy-737-r,Scarlett-5841@auto-service.co,"36043,36029,36011"
450,Harvey and Sons,1-556-815-3764,auto-service.co/ip-567-h,Alphonse-2327@auto-service.co,"36067,42043,36085,42101,42043,42133,42109,42011,36115"
451,"Ledner, Mohr and Bechtelar",1-667-341-0311,auto-service.co/lh-368-l,Lavonda-8289@auto-service.co,"36041,36019,36047,42049,36053,42075,42127"
452,Bergstrom-Dibbert,1-563-579-0779,auto-service.co/yu-165-q,Grover-9817@auto-service.co,"42065,42081,42045"
453,Wuckert and Sons,1-588-649-1258,auto-service.co/ei-035-w,Darrel-1683@auto-service.co,"42125,36047,42059,42125,42113,42003,36113"
454,Cartwright-Kihn,1-329-589-9076,auto-service.co/kh-023-a,Pat-6266@auto-service.co,36093
455,Zieme-Kertzmann,1-445-998-9537,auto-service.co/km-541-q,Brett-7617@auto-service.co,36041
456,Greenholt Inc,1-658-583-1733,auto-service.co/xe-907-l,Addie-6381@auto-service.co,"36005,36029"
457,"Kiehn, Kuvalis and Ullrich",1-252-856-3312,auto-service.co/xb-596-t,Wally-9379@auto-service.co,"36121,42029,42013,42063,36111,36095,42125"
458,Walsh LLC,1-637-734-4576,auto-service.co/fo-446-z,Brigida-9699@auto-service.co,"42027,36057,36007,42123,42125,42027,36021"
459,"Collins, Reilly and Schultz",1-535-216-1092,auto-service.co/eq-289-v,Terrence-2776@auto-service.co,"42077,36107,36103,36115,42123,42011"
460,Bashirian Group,1-671-936-0487,auto-service.co/jb-258-j,Helaine-0164@auto-service.co,"36021,42037,36121,42055,42011,36091,36095,36011,42043,42019"
461,Gottlieb Inc,1-637-691-8776,auto-service.co/jw-208-r,Casimira-1160@auto-service.co,"36045,42109,42119,42007,36013,36019,36109,36105,42131,36023"
462,Yost-Halvorson,1-608-564-1957,auto-service.co/we-066-b,Mariam-1326@auto-service.co,"42033,42023,09001,36069,36045,42075"
463,O'Kon-Fahey,1-513-486-9798,auto-service.co/fs-969-k,Orville-2640@auto-service.co,"36027,42003"
464,"Eichmann, Kihn and Yost",1-546-860-0275,auto-service.co/dt-204-j,Troy-6356@auto-service.co,"36005,42131,36089,42045,36051,42013,42131"
465,"Von, Turner and Schumm",1-295-383-3690,auto-service.co/sl-767-m,Benton-5569@auto-service.co,"42133,36081,42089,36075,42059,42055,36121,42027,42035"
466,"Powlowski, Green and Carroll",1-277-351-2356,auto-service.co/ql-053-k,Henriette-2710@auto-service.co,"36061,36007,36009,42103,36053"
467,"Conn, Torphy and Spencer",1-392-727-4311,auto-service.co/ue-032-n,Ty-7679@auto-service.co,"42099,36069,42005,42001,42081,42075,42063,36123,42009"
468,"Gottlieb, O'Kon and Wyman",1-669-024-5660,auto-service.co/dn-456-a,Wilbert-6277@auto-service.co,"36085,42009,36077,42061,36085,36123,36059,42057,36047,42077"
469,Pagac-Stoltenberg,1-238-364-9649,auto-service.co/wv-577-x,Amado-0790@auto-service.co,"36093,36091,09001"
470,Pfannerstill-Conn,1-596-253-9912,auto-service.co/yj-934-o,Kristofer-1458@auto-service.co,"36007,42131,42131"
471,Schuster LLC,1-402-540-7006,auto-service.co/uh-726-t,Ronald-7147@auto-service.co,"36101,42041,36085,42111,42093,42057,36033,42001,42063"
472,Kuhlman-Collier,1-622-372-9835,auto-service.co/oi-130-y,Faviola-8016@auto-service.co,34003
473,"Stanton, Durgan and Keeling",1-432-792-9543,auto-service.co/dn-067-f,Dominque-6482@auto-service.co,"42043,36081,42129,36009,36011,36009,42023,36111"
474,Barrows Inc,1-577-779-4611,auto-service.co/lx-138-e,Freddie-7499@auto-service.co,42015
475,Fay-Pacocha,1-488-701-5838,auto-service.co/yj-842-o,Luis-4493@auto-service.co,"42059,36103,42021,36097,36029,42031"
476,"Murazik, Kemmer and Volkman",1-576-797-2422,auto-service.co/me-761-o,Eusebia-8467@auto-service.co,"42011,36103,36093,36057,36097,36117,42123"
477,Farrell-Haag,1-631-631-7591,auto-service.co/ad-003-f,Kirk-9841@auto-service.co,"36101,42007,42019,36061,42041,34003"
478,Casper-Abshire,1-653-401-4267,auto-service.co/ms-195-a,Mckinley-4626@auto-service.co,"42037,42131,42035,42097"
479,Price-Huel,1-537-144-0998,auto-service.co/dl-750-m,Courtney-9653@auto-service.co,"42023,36027,36085,42131"
480,Walter and Sons,1-620-479-8391,auto-service.co/zx-791-i,Hobert-9703@auto-service.co,"36097,42099"
481,Kirlin LLC,1-601-868-8686,auto-service.co/mr-749-d,Kendrick-8035@auto-service.co,42017
482,"Howe, Hyatt and Spencer",1-579-082-3323,auto-service.co/hl-853-d,Mindy-9618@auto-service.co,"36005,42083,36075,42085,42005,36009,36073,36017"
483,"Haag, Auer and Veum",1-612-647-9425,auto-service.co/hs-534-j,Wendell-7458@auto-service.co,"36099,42057,36099,36011,36067,36079"
484,"Rempel, Smitham and Mueller",1-493-415-0893,auto-service.co/zi-708-n,Twanda-3095@auto-service.co,"36061,42131,42027,36109,42003,42029,42011,42107,36025,42021"
485,Farrell-Trantow,1-416-428-7564,auto-service.co/xd-564-s,Chance-2826@auto-service.co,"42129,42049,36107,36037,36073,36123,36093,42011,42087"
486,Dach-Kris,1-512-258-5424,auto-service.co/ry-319-s,Suzan-2694@auto-service.co,"42093,42033,36047"
487,"Okuneva, Watsica and Fay",1-677-383-6826,auto-service.co/zj-667-d,Ivy-5966@auto-service.co,"42119,36083,42131,42103,36003"
488,Lowe-Hand,1-575-010-4797,auto-service.co/hj-817-b,Isreal-8612@auto-service.co,"36005,42003,36047,42081,42053,36065"
489,Kerluke-Ebert,1-548-696-2200,auto-service.co/mk-952-i,Mandi-1541@auto-service.co,"36077,42049,42021,36069,36059,36119,42039,42085,36067,36109"
490,Heaney-Wilkinson,1-577-357-5229,auto-service.co/no-909-a,Aurelio-9334@auto-service.co,"42131,42031,36005,36061,36073,36063"
491,"Harris, Schneider and Ruecker",1-501-993-8679,auto-service.co/ti-298-c,Steven-0348@auto-service.co,"42029,36093,36119,36059,36069"
492,Greenholt and Sons,1-658-930-3646,auto-service.co/wy-485-h,Elliot-0779@auto-service.co,36047
493,Hand-Kuphal,1-323-767-1081,auto-service.co/tr-225-z,Carson-8835@auto-service.co,36059
494,Treutel-Hirthe,1-658-497-2176,auto-service.co/tk-394-w,Dion-3307@auto-service.co,"42077,42095,42029,42009"
495,Torp-Hermann,1-685-342-9794,auto-service.co/dv-828-h,Forrest-8981@auto-service.co,"36041,36073,36103,42055,36123,42069,42095,42019,42117"
496,Effertz and Sons,1-634-861-6064,auto-service.co/qv-676-v,Andreas-9476@auto-service.co,"42021,36107,36037,36019,42073,42133,42091,36055,42099,42101"
497,"Kshlerin, Schinner and Fritsch",1-213-917-4385,auto-service.co/nq-455-i,Vicenta-3833@auto-service.co,"42059,42123"
498,DuBuque Inc,1-666-075-2503,auto-service.co/gx-612-r,Maria-4261@auto-service.co,"36011,36089,42019,36031,36103"
499,Pagac Inc,1-223-844-8748,auto-service.co/qh-818-d,Paula-8646@auto-service.co,"36087,42017,42105,36005,42051,36085,42031,42053,42063,42031"
500,Romaguera Inc,1-427-211-4203,auto-service.co/kx-739-g,Priscilla-2339@auto-service.co,"36079,36113,42049,36049,42027,42111,42055,36031,36047"
501,Yundt Inc,1-623-055-0598,auto-service.co/kv-672-x,Toshiko-6220@auto-service.co,"09001,42043,36047,42097,42067,36033"
502,Funk Inc,1-692-365-8344,auto-service.co/mg-928-s,Joie-0196@auto-service.co,"42041,36099,36045"
503,"Bayer, Hudson and Heller",1-544-677-1062,auto-service.co/gh-800-r,Arianne-9846@auto-service.co,"42037,42131,42077,42103,42069,36057,36119,36059"
504,"Lynch, Luettgen and Kiehn",1-614-498-8381,auto-service.co/ji-559-m,Paulita-9597@auto-service.co,"36043,36037,36067,42125,42071,36019,42073,42091"
505,Kemmer LLC,1-424-117-9639,auto-service.co/vi-998-u,Andra-4052@auto-service.co,"36037,42095,42003,42013,36025,36055,42129,42097,36051"
506,Medhurst Group,1-510-232-2647,auto-service.co/zi-074-v,Emanuel-8939@auto-service.co,"36037,36097,42083,36061,42041,42019,42025"
507,"Cole, Lindgren and Collins",1-567-503-7210,auto-service.co/da-993-u,Lindsay-7140@auto-service.co,"42033,36083,42057,36007"
508,Beer-Ullrich,1-624-470-0459,auto-service.co/vi-473-c,Morton-6546@auto-service.co,"42103,36077,42091,36075,36097,36013,36099,42119,42099"
509,"Dare, Okuneva and Wilderman",1-544-805-0141,auto-service.co/oe-705-k,Kelley-3456@auto-service.co,"36085,36005,36037,36013,42105"
510,"Bernhard, Kovacek and VonRueden",1-560-935-8790,auto-service.co/kx-849-i,Cordie-4676@auto-service.co,"42097,42131,42003,42003"
511,Schaefer-Parker,1-635-177-2431,auto-service.co/ai-238-g,Margaret-5289@auto-service.co,"36033,42013,42071,42019,36057,36077,42133,36113,36087"
512,Donnelly-Walter,1-552-636-6480,auto-service.co/pk-063-h,Chang-1907@auto-service.co,"36105,42121,42041,36085,36037,42081,36117,36075,42131,36095"
513,Hartmann Inc,1-667-988-7996,auto-service.co/nv-518-c,Farrah-7388@auto-service.co,"42073,36065,36037,36075,42085,42115,36029,36117,36023"
514,Lueilwitz-McGlynn,1-612-155-5365,auto-service.co/ej-596-b,Sunshine-5338@auto-service.co,36039
515,Luettgen-Wilkinson,1-360-179-3777,auto-service.co/zb-996-l,Ethelyn-2955@auto-service.co,"42021,36103,36079,36079,09001"
516,Lindgren LLC,1-516-776-2310,auto-service.co/nd-778-r,Chi-9120@auto-service.co,"42083,42055,42037,36099,42129,42013,36073,36019,42003"
517,Schroeder-Wolff,1-559-568-0550,auto-service.co/or-277-g,Leonel-8069@auto-service.co,36031
518,Reichert Inc,1-373-855-8455,auto-service.co/ge-512-u,Lucien-6609@auto-service.co,"36011,42051,42095,36121,42027,36019,42129,36015,36041,42033"
519,"Schmidt, Bradtke and Skiles",1-684-019-9628,auto-service.co/sm-914-m,Ethan-4298@auto-service.co,"36073,42015,34003,42061,36025,42111,42099,36095,42025"
520,"Schimmel, Harris and Beier",1-568-115-7081,auto-service.co/wa-852-l,Aurelio-5252@auto-service.co,"42073,42067,42131,36063"
521,Gibson Inc,1-562-895-6283,auto-service.co/od-233-c,Columbus-1186@auto-service.co,"36015,36099,36081,36041,36033,42071,36049,42123,34003,42035"
522,Schinner Inc,1-531-633-3950,auto-service.co/rh-396-p,Cherrie-3314@auto-service.co,"42015,42013,36055,42075,09001,36001,36117,42045"
523,Gottlieb LLC,1-613-173-9392,auto-service.co/ct-217-y,Jessie-3859@auto-service.co,42129
524,"Jacobs, Rice and Gerhold",1-632-883-8528,auto-service.co/hn-672-p,Karla-3107@auto-service.co,"36025,42003,42007,36045,42095"
525,"Dickens, Sporer and Bauch",1-544-964-7181,auto-service.co/yi-661-m,Waldo-8884@auto-service.co,36061
526,Bruen Inc,1-657-389-9392,auto-service.co/gd-878-g,Kathline-4576@auto-service.co,"42031,36035,36043,36091"
527,Lesch-D'Amore,1-673-649-1504,auto-service.co/in-959-c,Elizabet-2760@auto-service.co,"42071,42085,36117,36115,42111,36027,36097"
528,Orn Group,1-641-324-8226,auto-service.co/xt-322-b,Reid-2042@auto-service.co,"36015,42047,42035,42011,42053,42091,36023,36053,36069"
529,Kovacek-Labadie,1-290-779-1315,auto-service.co/ua-869-o,Vonda-7672@auto-service.co,"36009,36045"
530,Ebert LLC,1-598-622-7834,auto-service.co/lm-551-j,Shelli-1862@auto-service.co,"42027,36061,36009,42129"
531,Lowe and Sons,1-673-821-7185,auto-service.co/ih-738-x,Rolanda-4479@auto-service.co,"42047,34031,42027,36123,42083,42007,42055"
532,Olson LLC,1-671-213-2845,auto-service.co/wl-238-s,Glenna-2910@auto-service.co,"36049,42061,36121,36039,36067,42129,42013"
533,Cremin-Hegmann,1-630-569-4532,auto-service.co/sx-095-f,Kasey-9477@auto-service.co,"42005,42105,42133,42063,42131,42005,36019"
534,Renner Group,1-258-260-1386,auto-service.co/am-677-n,Jerry-3544@auto-service.co,"36101,42083,36017,42005"
535,Bergstrom LLC,1-599-096-0708,auto-service.co/rc-536-h,Leandro-1473@auto-service.co,"36031,36123,42041,42131,42007,36023"
536,"Ankunding, Ankunding and Grant",1-625-434-7411,auto-service.co/pu-783-v,Reid-4167@auto-service.co,"42085,42063,34031,36123,36015"
537,"Dach, Stamm and Brekke",1-588-595-9968,auto-service.co/ah-714-a,Mitchell-1118@auto-service.co,"36029,42107,36101,36017"
538,Sauer-Oberbrunner,1-685-201-0647,auto-service.co/wn-563-k,Alton-4562@auto-service.co,"36001,36033,42065,36033,36101"
539,"Moen, Thiel and Kovacek",1-415-905-4454,auto-service.co/na-539-z,Kenton-9853@auto-service.co,"36049,42125,42067,36049,42047,36099"
540,O'Conner Group,1-345-178-7906,auto-service.co/bo-334-b,Gilbert-7925@auto-service.co,"36099,36001,42001,36007,36047,36035,42133,42065,42083,36061"
541,Bradtke Inc,1-300-872-4495,auto-service.co/vg-427-t,Becky-0041@auto-service.co,"42061,42063,36109,36047,36001,36111"
542,Abshire-Price,1-537-259-6587,auto-service.co/gr-312-r,Erasmo-4650@auto-service.co,36123
543,Bartoletti Inc,1-395-951-3399,auto-service.co/gl-642-n,Mia-8389@auto-service.co,"42035,36013,42055"
544,"Nicolas, Beier and Mosciski",1-584-547-1160,auto-service.co/ra-134-q,Olevia-7540@auto-service.co,"42089,42117,42013,42009,36023,34031,36099,36091,36023,42105"
545,Hansen-Purdy,1-600-990-8467,auto-service.co/th-383-x,Chadwick-3625@auto-service.co,"42095,42043,42025,36111,36035,36035"
546,West Inc,1-694-777-2412,auto-service.co/eb-738-g,Lashay-6179@auto-service.co,"36037,36015,36109,36097,36073,36067"
547,Schaefer-Leannon,1-463-427-0225,auto-service.co/ea-221-l,Pandora-8387@auto-service.co,"42047,42013,36093,42119,36109,42067,42133,42047,36029"
548,Fadel-O'Conner,1-270-263-2930,auto-service.co/af-293-v,Lucien-8391@auto-service.co,"34003,36123,42061,36115,42111,36005,36003,42073,36041"
549,Baumbach-Nitzsche,1-540-529-3194,auto-service.co/ve-178-j,Elden-3959@auto-service.co,"42099,36047,42017,34003,42121,42009,36115,36029,42057,36075"
550,Witting-Tromp,1-697-494-6685,auto-service.co/ns-108-v,Santo-5695@auto-service.co,"36011,36111,36091,42043"
551,Champlin-Gorczany,1-506-941-6336,auto-service.co/eu-377-f,Renato-9684@auto-service.co,"42057,36113,42047,36073,36101,42015,42003,36091"
552,"Bahringer, Paucek and Reinger",1-610-649-5704,auto-service.co/qj-412-r,Gina-6264@auto-service.co,"09001,36075,42085,42015,42093,42127,42033"
553,Mante-Altenwerth,1-282-552-6521,auto-service.co/ya-597-s,Greg-0774@auto-service.co,"42127,36029,36103,42057,36043,42057"
554,Schoen-Monahan,1-406-296-3159,auto-service.co/rb-295-y,Alexander-5062@auto-service.co,"36057,36005,42053,36011"
555,"Hoppe, Herman and Doyle",1-689-128-6502,auto-service.co/bv-432-m,Delisa-1269@auto-service.co,"42045,42053,36023,42063,42057,36053,36057,42075,42097"
556,"Dare, Rogahn and White",1-678-216-4485,auto-service.co/ac-783-s,Karolyn-9798@auto-service.co,"36005,42051,42091,42085"
557,Anderson Group,1-664-916-8895,auto-service.co/zt-013-k,Ronny-2809@auto-service.co,"42101,36067,36119,42115"
558,"Purdy, Renner and Ortiz",1-630-341-8861,auto-service.co/og-705-n,Apolonia-3965@auto-service.co,"36005,36057,36113,36081,42025,36027,42095,36107,42049,42059"
559,Stiedemann-Kuvalis,1-534-667-6334,auto-service.co/ra-661-v,Stacy-3217@auto-service.co,"36115,36085,42015,42051,42007,42005"
560,Considine-Runte,1-682-037-9455,auto-service.co/js-378-s,Waldo-3306@auto-service.co,"36051,42057,42057,42025,42029,36061,36065,36075,42019,36073"
561,"Walker, Lind and Ziemann",1-627-075-8526,auto-service.co/qe-385-y,Josette-6956@auto-service.co,"36121,36035,42109,36047"
562,Streich and Sons,1-685-003-1312,auto-service.co/lc-225-o,Carlyn-7911@auto-service.co,"36019,42085,36041,36017,42085"
563,O'Keefe-Nicolas,1-345-068-1122,auto-service.co/ld-139-s,Glen-5707@auto-service.co,"42039,42009,36101"
564,"Dickinson, Blanda and Erdman",1-251-327-3384,auto-service.co/ax-184-w,Terrell-7933@auto-service.co,"36073,36069,42105,42069,42109,36027,36023,36033"
565,"Kerluke, Ward and Eichmann",1-682-032-3069,auto-service.co/xb-105-i,Tanner-9008@auto-service.co,"42051,36087,36095,42087,42027,36089,36031,42089,42009"
566,Hamill-Gutkowski,1-605-823-2223,auto-service.co/sv-345-r,Elias-4512@auto-service.co,"36067,42033,42063,42071,36035,42031,36027,42119,42111,36043"
567,Kshlerin Group,1-664-734-0526,auto-service.co/ip-620-k,Natisha-8125@auto-service.co,"42097,42005,42075,36025,36111,42057,36115,36105,36059"
568,Schamberger Inc,1-310-695-3234,auto-service.co/vc-816-n,Latarsha-8910@auto-service.co,"36027,42045,42029,36047,42075,36061"
569,"Lesch, Schimmel and Trantow",1-594-739-1816,auto-service.co/xq-755-a,Nathanial-6703@auto-service.co,42113
570,Ryan Group,1-680-592-7249,auto-service.co/qc-275-e,Susanna-9696@auto-service.co,"42061,42061,36063,42043"
571,Cremin Group,1-619-383-9297,auto-service.co/nz-642-g,Lauri-6000@auto-service.co,"36107,42069,42031,36067,36101"
572,Emard-Simonis,1-618-510-1104,auto-service.co/xv-240-o,Tonette-9214@auto-service.co,"36093,42067,36055,42123,36103,36001,42085"
573,"Jaskolski, Macejkovic and Erdman",1-636-902-6510,auto-service.co/yd-775-o,Brook-0301@auto-service.co,"36081,42073,36075,42111,36119"
574,Champlin and Sons,1-660-064-1798,auto-service.co/gr-002-j,Dora-2475@auto-service.co,"42039,36011,36041,42115"
575,Schultz LLC,1-623-426-6455,auto-service.co/tp-508-d,Yetta-1944@auto-service.co,"36093,36079,42117,36001,42079,36011,42063,42113,42023,36089"
576,"Rippin, Hudson and Barrows",1-556-055-0966,auto-service.co/he-417-e,Tenesha-7935@auto-service.co,"42087,36077,42085,36049,36041,36001"
577,"Douglas, Jacobs and Reichert",1-546-489-7123,auto-service.co/dz-852-n,Avery-0782@auto-service.co,"36049,42111,36037,36121,42103,36101,42087,36053"
578,Renner-Roberts,1-648-722-6757,auto-service.co/to-880-y,Chere-1433@auto-service.co,"36053,42125,42027,36023,36115,36059"
579,Von LLC,1-502-590-9863,auto-service.co/yd-496-f,Austin-4638@auto-service.co,"36013,42003,42031,36039"
580,Hagenes LLC,1-530-317-4801,auto-service.co/tk-996-n,Kiersten-1448@auto-service.co,"42133,36081,42121,42091,36113,36061,36067,42025"
581,"Wilderman, Pacocha and Schuppe",1-227-333-0379,auto-service.co/uw-321-b,Federico-5965@auto-service.co,"42013,42085,42095,42029,36113,36019,42099,42005"
582,"Douglas, Reichel and Koss",1-232-286-7014,auto-service.co/ps-554-f,Paulene-5290@auto-service.co,"42067,36083"
583,Howell Group,1-633-502-2609,auto-service.co/fa-587-k,Jeremy-4726@auto-service.co,"36003,42083,36003,42009,36117"
584,Prosacco-O'Connell,1-608-908-8151,auto-service.co/mv-931-y,Darrick-2249@auto-service.co,"42037,36057,42119,42055"
585,Gislason-Lind,1-668-783-6538,auto-service.co/pu-711-v,Jaclyn-0398@auto-service.co,"36115,36079,36103"
586,"Bechtelar, Becker and Schaefer",1-699-020-0555,auto-service.co/vh-941-d,Joe-7675@auto-service.co,"42011,42077,42119,36051,42019,36091,36097,36035,36075,36013"
587,"Fahey, Thiel and Crona",1-332-156-7862,auto-service.co/xl-161-i,Alison-5596@auto-service.co,"42105,42023,36021"
588,Davis Inc,1-647-391-6761,auto-service.co/ri-193-b,Mohammed-6112@auto-service.co,"42133,42125,42125,42043,36091,42093,42065"
589,"Fritsch, Wehner and Leuschke",1-399-436-7859,auto-service.co/sb-884-v,Brinda-1765@auto-service.co,42057
590,"Beer, Purdy and Beer",1-341-014-8906,auto-service.co/xk-589-y,Kirk-3709@auto-service.co,"42013,42131,42055,36005,36063,42109,36105,36029,42011"
591,Predovic and Sons,1-309-476-8372,auto-service.co/ck-928-z,Charley-1447@auto-service.co,"36077,42133"
592,Stroman-Wehner,1-680-128-6027,auto-service.co/vn-463-x,Tonie-9440@auto-service.co,"36093,42087,34031,36001,42007,42047,36077,42095"
593,Conn-Toy,1-618-018-1848,auto-service.co/sk-047-c,Yadira-0938@auto-service.co,"36115,42061,42113,36115,36055"
594,Zulauf Group,1-640-677-4315,auto-service.co/af-129-m,Jesus-3967@auto-service.co,"42117,36113,36091,42039"
595,"Rowe, Raynor and Krajcik",1-518-848-1054,auto-service.co/rd-924-v,Zonia-0799@auto-service.co,"36059,42125,42083,42059,42015"
596,Jenkins-Emmerich,1-386-138-9402,auto-service.co/bl-973-y,Israel-0898@auto-service.co,"36097,42093,36087,42041,42035,36123"
597,Wuckert Group,1-597-105-1667,auto-service.co/jc-286-q,Claudio-9711@auto-service.co,"42019,42129,36007,36095,36093"
598,VonRueden and Sons,1-689-668-2664,auto-service.co/bn-772-n,Bennie-5170@auto-service.co,"36099,36119,36063,36079,36119"
599,Smith Group,1-469-052-0384,auto-service.co/eg-588-f,Joella-9710@auto-service.co,"42067,36039"
600,Hyatt Inc,1-685-795-3235,auto-service.co/gp-777-w,Prince-5983@auto-service.co,"42109,36081,42031"
601,Casper LLC,1-497-512-6031,auto-service.co/er-323-x,Leif-8604@auto-service.co,"42091,42103,36023,42059,42077,36061,36037,36011"
602,Hermann-Walsh,1-646-772-3073,auto-service.co/ri-780-t,Jacquiline-0401@auto-service.co,"36091,42075,36037,42129,42063,42021,36019"
603,DuBuque Inc,1-588-456-9917,auto-service.co/on-310-d,Leroy-1704@auto-service.co,36067
604,Ferry-Monahan,1-306-358-3876,auto-service.co/jm-630-f,Shaina-8722@auto-service.co,"36121,42005,42035,42023,36101,36111,42019,36003,42027"
605,"Larson, Bednar and Friesen",1-259-292-4204,auto-service.co/aw-687-x,Allan-6281@auto-service.co,"36053,34003,36007"
606,Runolfsson-Hagenes,1-590-019-2149,auto-service.co/du-147-d,Vinnie-7565@auto-service.co,"34003,42047,42021,42117,36113,36099,36069"
607,"Willms, Zieme and Gusikowski",1-588-203-9869,auto-service.co/on-760-b,Lawrence-4145@auto-service.co,"36003,36075,36055,36049,42069,42021,42001"
608,"Keebler, Grant and Ankunding",1-618-224-2716,auto-service.co/le-119-a,Nelson-2967@auto-service.co,"36109,36003,36123,36109,36059,42019,42101,36005,42065,42021"
609,Schulist-Stroman,1-675-507-8778,auto-service.co/wu-560-z,Marjorie-7772@auto-service.co,"36097,42067"
610,"Stanton, Jones and Moore",1-590-162-3411,auto-service.co/pw-659-s,Nereida-9226@auto-service.co,"36053,42013,36015,42045,42045,36005,36119,42099"
611,Aufderhar-Koepp,1-685-881-4202,auto-service.co/gd-559-c,Clare-7859@auto-service.co,"42003,36069,36033,36027,42007,42113,42051"
612,Nicolas-Pfeffer,1-511-686-0980,auto-service.co/mp-322-h,Randell-5204@auto-service.co,36009
613,Torphy-Fisher,1-642-627-8240,auto-service.co/cg-095-x,Siobhan-9585@auto-service.co,"36045,36063,36001,42097,42023,36083,42115"
614,Baumbach-Purdy,1-578-957-5238,auto-service.co/yu-777-z,Verena-6826@auto-service.co,"36047,36001,42103,36047,36093,36031,09001,36085,36123,42013"
615,Block-Balistreri,1-538-621-6509,auto-service.co/cn-544-q,Rosendo-9630@auto-service.co,"09001,42045,36103,42027,36101"
616,"Nolan, DuBuque and Keebler",1-417-853-3329,auto-service.co/dj-283-m,Dierdre-5217@auto-service.co,"42011,42037"
617,"Deckow, MacGyver and Gulgowski",1-453-698-9227,auto-service.co/xq-509-t,Devon-7971@auto-service.co,"42095,42099,42043,42019,36053,36037,42089,34003,36079"
618,"Bruen, Deckow and Blanda",1-461-244-6826,auto-service.co/cj-364-a,Lavette-2027@auto-service.co,"36003,42133,42123"
619,"Thompson, Christiansen and Farrell",1-681-860-3021,auto-service.co/ps-881-g,Nia-0627@auto-service.co,"42007,42057,36043,36001,42011"
620,Veum and Sons,1-533-019-8055,auto-service.co/fe-335-t,Chara-7198@auto-service.co,"36079,36095,42077,36079,36081,36109,36067,42051"
621,"Muller, Wunsch and Schuster",1-502-211-9883,auto-service.co/vq-707-v,Morgan-0744@auto-service.co,"36033,36001,42049,42057"
622,"Zulauf, Robel and Ritchie",1-635-407-2267,auto-service.co/ge-964-y,Sandie-6053@auto-service.co,"42017,42089,36047,42023,36075"
623,Williamson LLC,1-415-760-1891,auto-service.co/ea-544-t,Misty-8257@auto-service.co,"42033,42121,36091,42127,36105,42129,42085,42045"
624,"Boyle, Herman and Kulas",1-503-636-0129,auto-service.co/sh-115-n,Oren-8453@auto-service.co,"42069,42065,42101,36039,36039,36089,42111,42089"
625,Stark Group,1-494-918-4655,auto-service.co/qc-112-h,Katherine-4312@auto-service.co,"36023,36093,36121"
626,"Schmitt, Schowalter and Hahn",1-680-524-8567,auto-service.co/bx-758-b,Liberty-3556@auto-service.co,"36043,36039,36023,36089,42073,42011,42093"
627,Rice-Schiller,1-476-825-3752,auto-service.co/yw-953-j,Gerald-5948@auto-service.co,"42083,42115,42013,42003"
628,Reynolds-O'Reilly,1-632-138-0572,auto-service.co/ux-353-u,Meghan-8668@auto-service.co,"42129,36083,36015,36047,36011,42033,42081"
629,Johns-Vandervort,1-677-400-0182,auto-service.co/sx-336-h,Sylvia-0019@auto-service.co,"42001,42099,36099,42009,36069,42111,36011"
630,"Walter, Smitham and Emard",1-643-488-0331,auto-service.co/eq-759-l,Raguel-4568@auto-service.co,"42049,36091,36009,36045,42023,42027,42009,36085,42069"
631,Kertzmann-Welch,1-578-981-7731,auto-service.co/rs-858-y,Toccara-0391@auto-service.co,"36073,36031,36057,42067"
632,Lubowitz Group,1-697-232-6667,auto-service.co/rv-751-s,Randell-2462@auto-service.co,42093
633,"Gottlieb, Oberbrunner and Zemlak",1-446-911-6481,auto-service.co/xq-028-p,Oswaldo-9078@auto-service.co,"42015,36105,36027,42059"
634,Swift Inc,1-645-939-7803,auto-service.co/qr-985-g,Ivette-1062@auto-service.co,"42057,42067,42039,36059,36011,36055,42051"
635,Swift-Dach,1-673-698-5818,auto-service.co/ld-461-z,Christiana-9376@auto-service.co,36099
636,Kilback and Sons,1-699-246-6845,auto-service.co/kl-534-s,Felix-4783@auto-service.co,"36049,42087,34031,36019,36107,36043,42039"
637,"Luettgen, Connelly and Abernathy",1-689-718-4059,auto-service.co/jx-839-g,Rosa-2981@auto-service.co,"42009,36121,36043,36093,36047,36027,42091,36033,42027,42065"
638,"Kling, Mann and Reynolds",1-527-421-3873,auto-service.co/cy-233-i,Doretha-0521@auto-service.co,"36101,42105,36119,36113,42039,42087,42117"
639,Kris Inc,1-248-664-8147,auto-service.co/js-395-q,Jo-8831@auto-service.co,"42081,36041,36053,36111,42027,36005"
640,Witting-Rosenbaum,1-327-726-7300,auto-service.co/vz-141-b,Laverne-1522@auto-service.co,"42027,42053,42125"
641,"Murray, Ward and Blick",1-683-669-5931,auto-service.co/pu-238-f,Deandre-4744@auto-service.co,"36025,42023,36073"
642,"Little, Zboncak and Buckridge",1-550-645-5140,auto-service.co/ne-792-e,Josiah-0163@auto-service.co,"36059,36017"
643,"Hammes, Roob and Crona",1-605-943-3653,auto-service.co/yn-132-g,Samual-4946@auto-service.co,"42063,42121,42095,36107,36115"
644,"Dickens, Borer and Bins",1-608-589-4517,auto-service.co/lz-036-e,Nidia-9060@auto-service.co,"42131,36005,36015,42031"
645,Hagenes and Sons,1-281-387-3845,auto-service.co/sj-971-r,Irwin-0850@auto-service.co,"36067,42089,36113,36107"
646,Johnson Group,1-610-942-7607,auto-service.co/vx-344-b,Neely-0064@auto-service.co,"42005,42105,36067,42033,36117,42039,36065,36039"
647,Bradtke LLC,1-688-520-4992,auto-service.co/vl-449-r,Milagro-3802@auto-service.co,"09001,36037,42091,36101,36033"
648,Collins-Jacobson,1-667-301-4264,auto-service.co/hz-806-z,Ike-7898@auto-service.co,"36067,42055,36063,42033,36067,42101,36085,36027,42035,36087"
649,Zieme-Witting,1-630-326-3981,auto-service.co/vr-561-f,Charles-5672@auto-service.co,"36071,42105,42055,34031,42025,42073,36001,42013,36041"
650,Prosacco-Balistreri,1-625-172-9364,auto-service.co/ab-016-e,Haywood-2126@auto-service.co,"42049,36027,36123,42005,42003,42027,42027,42089"
651,Thiel-Veum,1-690-580-4110,auto-service.co/ds-938-c,Jeffery-0898@auto-service.co,"42069,42119,36015,42059,36041"
652,Sporer and Sons,1-536-673-6011,auto-service.co/af-291-r,Otha-5591@auto-service.co,"42075,36093,42039,42091,36051,36115,42115,36101,36015,42047"
653,"Wilderman, Corwin and Heidenreich",1-328-730-4598,auto-service.co/kn-764-b,Rick-7873@auto-service.co,"34003,36067,36031,36019,36101,42119,42123,42019"
654,"Brown, Herman and Goodwin",1-201-699-3331,auto-service.co/zj-174-q,Betty-4236@auto-service.co,"36091,42115,42019,36045,36015,42115,36085,36027,36033"
655,Spencer-Bahringer,1-549-151-0572,auto-service.co/zj-684-p,Chanda-6026@auto-service.co,"42107,36109,42087,42059,36059,42017,36085,36095,36105"
656,Ullrich Inc,1-648-139-4644,auto-service.co/wg-756-r,Marco-7895@auto-service.co,"36063,36027,34003,42113"
657,Larkin-Cummings,1-675-940-9963,auto-service.co/gj-490-n,Delfina-4066@auto-service.co,"36069,42133,42033,34003,36083,36007,36089,42003,36017"
658,"Wolf, Huel and Keebler",1-534-993-9682,auto-service.co/es-266-n,Art-2243@auto-service.co,"42123,42091,42111,36023"
659,Stiedemann-Barrows,1-688-662-0966,auto-service.co/ar-452-m,Modesta-7356@auto-service.co,"36091,42093,36005,36045,42071"
660,Schultz-Anderson,1-681-683-5769,auto-service.co/xe-989-v,Georgianna-6077@auto-service.co,"36023,36015,42037,36115,42009,36055,42019,36005,42063,36063"
661,Hayes-Dietrich,1-676-571-6695,auto-service.co/cz-340-u,Hyun-0211@auto-service.co,"42067,36055,36075"
662,Tillman-Schimmel,1-398-991-8502,auto-service.co/sw-255-z,Neal-6520@auto-service.co,"42113,36057,36045,42039,36117,36041,42057,36035"
663,Welch-Friesen,1-627-507-9113,auto-service.co/li-559-c,Yetta-0858@auto-service.co,"36109,42077,36047,09001,36009,36099,42105,36085,42073"
664,Kilback-Sporer,1-682-327-3837,auto-service.co/em-602-y,Elvira-3092@auto-service.co,"36009,36101,42113,42117"
665,Reichel Group,1-602-909-4502,auto-service.co/ug-798-t,Bernetta-9027@auto-service.co,"36009,42085,42073,42017,36039"
666,Buckridge-Monahan,1-350-731-7565,auto-service.co/ke-065-a,Marcos-1142@auto-service.co,"36113,42091,36045"
667,"Wyman, Streich and Will",1-266-379-4398,auto-service.co/fm-205-y,Jose-5287@auto-service.co,"36041,36081,36069,42053,42051,36055,36067,42013"
668,Conroy-Gulgowski,1-571-854-6125,auto-service.co/ug-790-l,Pearlene-2145@auto-service.co,"42085,42071,36073,42117,42049"
669,Wiza Group,1-646-072-0352,auto-service.co/ig-084-b,Sean-8563@auto-service.co,"36099,36097,42089,36081,42007,36085,42021"
670,Jerde-West,1-339-444-2152,auto-service.co/wg-147-j,Eulah-7838@auto-service.co,"36069,36051,42009,36031,42033,42035,42045,36007,34003,36035"
671,Lang-Witting,1-662-483-2232,auto-service.co/wj-903-y,Scarlett-6966@auto-service.co,"42101,42129,36049,36115,42107"
672,Hammes-Ferry,1-315-634-0560,auto-service.co/uz-738-k,Roselle-5494@auto-service.co,42107
673,"Kemmer, Frami and Johnson",1-624-245-6575,auto-service.co/ru-547-e,Major-9374@auto-service.co,"36111,36109,36043,36059,42053,42117"
674,"Gaylord, Windler and Bernhard",1-582-951-9720,auto-service.co/ra-010-k,Jeraldine-6048@auto-service.co,"42119,42111,42045,42001,36039,42085,42075,42029"
675,"Hamill, Bailey and Bauch",1-585-262-3156,auto-service.co/mu-702-c,Marquita-3027@auto-service.co,"36055,36007,36097,36085,42091,36057,36077"
676,King-Klocko,1-684-953-9921,auto-service.co/rx-531-i,Tanja-1438@auto-service.co,"42021,36083,36003,36067,42119,42083,42115"
677,Berge and Sons,1-619-543-0525,auto-service.co/rt-918-f,Barney-0373@auto-service.co,"42109,42069,09001,42065,36087,42019,36087,42103,36075"
678,Walsh-McCullough,1-465-371-6350,auto-service.co/ju-173-i,Willodean-7176@auto-service.co,"36015,42065,36083"
679,Leffler and Sons,1-581-076-1458,auto-service.co/td-637-c,Arden-9270@auto-service.co,34031
680,Abbott LLC,1-511-168-7789,auto-service.co/xc-659-d,Alesia-6844@auto-service.co,"42031,36077"
681,"Hessel, Davis and Boyle",1-359-154-9851,auto-service.co/or-220-n,Georgene-1962@auto-service.co,36077
682,Lesch and Sons,1-602-153-5781,auto-service.co/zj-982-c,Mack-7926@auto-service.co,"36087,42051,42121,36047,36069,42003"
683,Blick-Osinski,1-694-816-3542,auto-service.co/dv-644-n,Hildegarde-4810@auto-service.co,"36081,36025,36049,09001,42105,42117"
684,"Roob, Wyman and Carroll",1-680-605-5536,auto-service.co/dr-172-i,Franklin-0566@auto-service.co,"42039,42043,36013,42053,42007,42129,42095,36005"
685,"Schneider, Tillman and Koch",1-665-370-6986,auto-service.co/vt-713-f,Jayme-2802@auto-service.co,"36089,36115,36051,36063,42033,42043,36007"
686,"Medhurst, Berge and Dicki",1-278-914-1783,auto-service.co/aw-554-r,Margurite-5592@auto-service.co,42083
687,"Friesen, Mills and Lindgren",1-616-809-3491,auto-service.co/io-464-x,Reynalda-6610@auto-service.co,"42063,42039,42097,36053,36087"
688,Bode LLC,1-665-750-5672,auto-service.co/jq-030-b,Lani-4438@auto-service.co,"34003,42067,42027,36001,42011,36017,36101,36063"
689,Wuckert LLC,1-682-106-1196,auto-service.co/pt-931-c,Regan-5977@auto-service.co,"36105,36041,42111,36063,36101,42057"
690,"Olson, Stamm and Hayes",1-613-435-3196,auto-service.co/pi-528-g,Octavia-5579@auto-service.co,"42055,36073,36003,42027,36111,36029,36009,36073"
691,Morissette LLC,1-632-158-3690,auto-service.co/yl-928-n,Haywood-2502@auto-service.co,"36025,42125,36009,36003,42001,42089"
692,"Rice, Bode and Rowe",1-216-649-1039,auto-service.co/ra-726-o,Margaret-6043@auto-service.co,"42107,36111,36053,42069,36119,42025,36123"
693,Green-Kling,1-533-558-0662,auto-service.co/au-669-e,Johnnie-4153@auto-service.co,"42033,42045,42077,42043"
694,Hudson Group,1-675-308-2136,auto-service.co/gz-297-c,Evonne-2881@auto-service.co,"36117,42123,36063,42117,42055,42055,36101,42011,36057"
695,Ondricka-Blanda,1-505-449-8999,auto-service.co/zm-563-k,Horacio-3028@auto-service.co,"42039,36091,42123,42057,36115,36081,36073,42061,36051"
696,"Crist, Treutel and Fahey",1-661-711-7436,auto-service.co/no-524-c,Cassandra-9726@auto-service.co,"36033,36063,36119,36031,36097,36097,36021,36067"
697,"Flatley, Kulas and Bruen",1-495-412-9665,auto-service.co/nq-497-j,Wilfredo-3135@auto-service.co,"36011,36095,42109,42047,34003,36103"
698,"Ankunding, Effertz and Kuphal",1-580-540-8139,auto-service.co/gv-129-y,Duncan-2291@auto-service.co,"36055,36073,36071,42045"
699,Sipes-Barton,1-556-510-9542,auto-service.co/gb-086-n,Terrell-8964@auto-service.co,"36109,36099,42121,36101,42129,42125"
700,Reilly LLC,1-427-238-2841,auto-service.co/ce-218-h,Janine-4953@auto-service.co,"36095,36065,42071,36099,36049"
701,Rolfson LLC,1-245-641-4271,auto-service.co/zc-907-l,Jon-5231@auto-service.co,"36083,42027,36011,42051,42125,36035"
702,"Beer, Armstrong and Cremin",1-603-787-6493,auto-service.co/do-414-s,Terrell-6402@auto-service.co,"36111,42057,36123,36079,36041,36055,36037,42059"
703,Hyatt-Thompson,1-641-563-9863,auto-service.co/vy-020-j,Silva-0222@auto-service.co,"42067,42053,36107,36059,42129"
704,Davis-Jones,1-325-319-6051,auto-service.co/sb-838-i,Ulrike-9457@auto-service.co,"42039,36121,42089"
705,Ernser and Sons,1-649-102-8655,auto-service.co/ke-038-w,Trena-5968@auto-service.co,"36095,36095"
706,"Gutkowski, Marks and Nolan",1-527-732-7085,auto-service.co/eb-964-y,Brock-0919@auto-service.co,"42057,36061"
707,Mayert Inc,1-560-199-7076,auto-service.co/hu-857-c,Britney-7469@auto-service.co,"42067,42123,42091"
708,O'Connell and Sons,1-590-620-2787,auto-service.co/kc-973-m,Broderick-8775@auto-service.co,"36087,42037,42121,42097,36065,42075,36013,36041,42125,36015"
709,"Kub, Dach and Orn",1-605-488-1717,auto-service.co/yh-246-u,Minerva-6881@auto-service.co,"36109,42071,42079,42093,42061,42075,42133"
710,"Gusikowski, Welch and Kuhn",1-352-969-3011,auto-service.co/fi-774-q,Gus-3676@auto-service.co,"42013,42055"
711,Paucek Inc,1-504-990-4918,auto-service.co/an-676-t,Gerry-4702@auto-service.co,"36021,36095,42023,34031,34031,36111"
712,D'Amore Inc,1-228-442-2741,auto-service.co/jn-000-n,Zina-8727@auto-service.co,"36071,36011,42123,42005,42057,42077,36035,36011"
713,Baumbach-Auer,1-634-450-5159,auto-service.co/fa-726-m,Alton-6627@auto-service.co,"42121,42103,34003,42013,36033,42079,36025,36123,36105"
714,Lubowitz Group,1-597-690-8153,auto-service.co/fk-918-y,Lazaro-5500@auto-service.co,"42095,36073,36085"
715,Heller Inc,1-695-961-7188,auto-service.co/pq-876-p,Roberto-8719@auto-service.co,"42095,36047,36101,42077,42105"
716,"Moen, Fahey and Smith",1-382-284-7713,auto-service.co/kg-360-x,Cory-8026@auto-service.co,"36011,42093,36009,42047"
717,"Wisozk, Leannon and Barton",1-350-772-7866,auto-service.co/sz-467-p,Keith-1219@auto-service.co,"42027,36105,36113,36017,36095,36109,36061"
718,Fay and Sons,1-665-678-5757,auto-service.co/ne-770-v,Marg-5775@auto-service.co,"36109,36021"
719,Wiegand Group,1-638-602-4128,auto-service.co/gx-141-u,Wilford-8005@auto-service.co,36105
720,"Kertzmann, Kozey and Legros",1-606-195-7077,auto-service.co/ev-603-j,Alec-6828@auto-service.co,"36045,36059,42045,42071,42067,36105,42037,42107"
721,"Collier, Ziemann and Howell",1-679-297-1519,auto-service.co/cm-262-w,Malvina-5352@auto-service.co,"36101,36027,36073,42003,42011,42101"
722,Hartmann-Smitham,1-531-039-5913,auto-service.co/ns-869-w,Dixie-1909@auto-service.co,"42069,42051,42125"
723,Ruecker LLC,1-520-295-2091,auto-service.co/oj-217-c,King-4091@auto-service.co,"36037,36041,36101,42033,42125,42011,42093"
724,Roberts Inc,1-662-046-6691,auto-service.co/fu-853-b,Columbus-5162@auto-service.co,"36041,42125,36019,36043,36079,36041,36059,36061,36047"
725,Weimann LLC,1-367-155-4637,auto-service.co/hm-928-k,Kaylee-8839@auto-service.co,"42025,42105,34003"
726,Konopelski LLC,1-590-006-0852,auto-service.co/gh-848-r,Clinton-3923@auto-service.co,"42059,42027"
727,Spinka Group,1-618-091-1859,auto-service.co/gy-285-j,Ernest-7405@auto-service.co,"42101,36017,42043,42123,36013,36023,36099"
728,"Runolfsson, Franecki and O'Conner",1-551-110-2572,auto-service.co/gp-643-t,Janelle-2052@auto-service.co,42063
729,Kuhic Inc,1-607-393-0594,auto-service.co/xb-559-m,Morris-8466@auto-service.co,"42033,36023,36035,42055,36085,42125,42121,36069,36095,42119"
730,Hansen and Sons,1-513-796-0927,auto-service.co/ul-161-h,Alan-0163@auto-service.co,"36053,36009"
731,"Kertzmann, McLaughlin and Schmitt",1-600-161-8838,auto-service.co/pb-654-t,Kyle-8255@auto-service.co,"42013,36101,36117,34031,36113,36033,42039,42029,42053,42111"
732,Marvin-Wintheiser,1-617-788-4698,auto-service.co/um-479-t,Jere-5730@auto-service.co,"36059,42121,36087"
733,Gulgowski and Sons,1-640-977-1732,auto-service.co/zd-589-j,Burt-6783@auto-service.co,"42105,42071,42025,42081,42001,36039,36075,42075,36055"
734,Collier Inc,1-668-165-8898,auto-service.co/cw-563-u,Shelby-3657@auto-service.co,"36035,42133"
735,Kertzmann and Sons,1-689-347-5658,auto-service.co/uv-695-k,Maira-2241@auto-service.co,"36057,42009,36109,36057,36011,36049,42047,09001,36041,36065"
736,Schaden LLC,1-571-778-2916,auto-service.co/ay-276-y,Jessie-6446@auto-service.co,"36077,36099"
737,Littel-Klein,1-531-785-4963,auto-service.co/jc-999-u,Clair-3256@auto-service.co,"36115,36085"
738,"Emmerich, Kunze and Spencer",1-688-906-5128,auto-service.co/no-937-w,Rafael-9315@auto-service.co,"42039,42065,36007,42125,42081,36021"
739,"Ondricka, Bayer and Conroy",1-463-543-5577,auto-service.co/rk-202-w,Rebbeca-3335@auto-service.co,"42009,36109,42065,42009,36039,42087"
740,"Kreiger, Trantow and Rippin",1-698-648-9342,auto-service.co/iy-603-x,Maritza-0296@auto-service.co,"36109,42087,36019,42025,42005,42013,42003"
741,Ondricka Inc,1-559-584-7414,auto-service.co/us-431-f,Nathanial-2357@auto-service.co,"42035,36037,42005,42033"
742,Boyer LLC,1-233-333-8619,auto-service.co/wk-924-c,Bobette-5725@auto-service.co,"42067,36005,42007,42095"
743,"Bins, Stanton and Leuschke",1-610-606-8623,auto-service.co/nr-377-y,Antionette-6996@auto-service.co,"42079,36121,36035,36089,42113"
744,Runte and Sons,1-624-587-9187,auto-service.co/ts-524-e,Elidia-7547@auto-service.co,"42085,42093,36045,42055,36081,42011,42005,36093,42119,36115"
745,Johns Inc,1-653-465-2121,auto-service.co/zo-221-k,Zina-9999@auto-service.co,"36123,42133,42093"
746,Glover Group,1-655-506-2734,auto-service.co/sc-859-p,Rosella-5593@auto-service.co,"42105,42003,36017,42107,36051,36029,36097"
747,"Terry, Mraz and Windler",1-499-002-1933,auto-service.co/pc-090-f,Velma-7869@auto-service.co,"36005,36089,36095,36109,36023,36017,42053,42127,36081,42007"
748,"Mohr, Nikolaus and Barton",1-506-017-7082,auto-service.co/ds-472-a,Thomas-6827@auto-service.co,"36053,36071"
749,Towne and Sons,1-620-591-7811,auto-service.co/ed-298-h,Sal-0615@auto-service.co,"42123,42037,42065,42053,42059,36003,36073"
750,Konopelski and Sons,1-685-445-0223,auto-service.co/ot-690-x,Verlie-1823@auto-service.co,"42089,36109,42025,36005,42051,42053"
751,"Romaguera, Daugherty and Nicolas",1-591-639-9905,auto-service.co/pc-444-f,Lupe-2614@auto-service.co,"42051,36057"
752,Rippin Group,1-514-980-4653,auto-service.co/be-929-p,Sherryl-7001@auto-service.co,"42087,36027,42035,42009,42067,36013,42059"
,,,,,
,,,,,
,,,,,
,,,,,
,,,,,
,,,,,
,,,,,
,,,,,
,,,,,
,,,,,
,,,,,
,,,,,
,,,,,
,,,,,
,,,,,
,,,,,
,,,,,
,,,,,
,,,,,
,,,,,
,,,,,
,,,,,
,,,,,
,,,,,
,,,,,
,,,,,
,,,,,
,,,,,
,,,,,
,,,,,
,,,,,
,,,,,
,,,,,
,,,,,
,,,,,
,,,,,
,,,,,
,,,,,
,,,,,
,,,,,